Question,Equation,answer
색종이 89장을 학생 82명에게 똑같이 나누어주려고 합니다. 한 학생에게 최대 몇 장씩 줄 수 있는지 차례대로 쓰시오.,89 // 82,1
"색종이 89장을 학생 82명에게 모두 나누어주려고 합니다. 색종이를 못 받은 학생이 없다고 할 때, 한 학생에게 최대 몇 장씩 줄 수 있는지 쓰시오.",89 // 82 + 89 % 82,8
색종이 89장을 학생들에게 4장씩 나누어 주려고 합니다. 최대 몇 명에게 나누어줄 수 있는지 쓰시오.,89 // 4,22
"학생들에게 종이를 4장씩 나누어 주려고 합니다. 색종이가 89장이 있다고 할 때, 최대 몇 명에게 나누어 줄 수 있는지 쓰시오",89 // 4,22
"학생 82명에게 똑같이 종이를 나누어 주려고 합니다. 색종이를 89장 가지고 있다고 할 때, 한 학생에게 최대 몇 장을 줄 수 있는지 쓰시오.",89 // 82,1
우표 98장을 봉투 한 개에 97장 씩 똑같이 나누어 넣으면 우표는 몇 장 남는지 쓰시오.,98 % 97,1
우표 98장을 봉투 두 개에 똑같이 나누어 넣으면 우표는 몇 장 남는지 쓰시오.,98 % 2,0
"우표를 봉투 한 개에 97장씩 똑같이 넣으려고 한다. 우표가 98장이 있을 때, 우표는 몇 장 남는지 쓰시오.",98 % 97,1
"봉투 두 개에 우표를 똑같이 넣으려고 한다. 우표가 98장이 있을 때, 몇 장 남는지 쓰시오.",98 % 2,0
"우표가 98장이 있다. 한 봉투에 4장씩 넣으려고 할 때, 최대 몇 장의 봉투에 넣을 수 있는지 쓰시오",98 // 4,24
83분에 82㎞를 달리는 오토바이와 79분에 64km를 달리는 자전거가 있습니다. 42분 동안 같은 속도로 달렸다면 오토바이는 자전거보다 몇㎞ 더 많이 가는 지를 쓰시오.,( 82 / 83 - 64 / 79 ) * 42,7.47
83분에 82㎞를 달리는 오토바이와 79분에 64km를 달리는 자전거가 있습니다. 42분 동안 같은 속도로 달렸다면 자전거는 오토바이보다 몇㎞ 덜 가는 지를 쓰시오.,( 64 / 79 - 82 / 83 ) * 42 * (-1),7.47
"83분에 82㎞를 달리는 오토바이가 있습니다. 자전거는 79분에 64km를 달린다고 할 때, 42분 동안 같은 속도로 달린다면 자전거는 오토바이보다 몇㎞ 덜 가는 지를 쓰시오.",( 64 / 79 - 82 / 83 ) * 42 * (-1),7.47
오토바이는 83분에 82㎞를 달립니다. 42분 동안 같은 속도로 달렸다면 오토바이는 79분에 64km를 달리는 자전거보다 몇㎞ 더 많이 가는 지를 쓰시오.,( 82 / 83 - 64 / 79 ) * 42,7.47
자전거는 79분에 64km를 달리고 오토바이는 83분에 82㎞를 달립니다. 42분 동안 같은 속도로 달렸다면 오토바이는 자전거보다 몇㎞ 더 많이 가는 지를 쓰시오.,( 82 / 83 - 64 / 79 ) * 42,7.47
공이 한 통에 98개씩 84통 있습니다. 이 공을 64상자에 똑같이 나누어 담으려고 합니다. 한 상자에 몇 개씩 넣어야 하는지 답을 쓰시오.,98 * 84 // 64,128
공이 한 통에 98개씩 84통 있습니다. 이 공을 64개의 상자에 두 개씩 나누어 담으려고 합니다. 몇 개의 공이 남는지 쓰시오,98 * 84 - (64 * 2),8104
"64개의 상자에 공을 똑같이 나누어 담으려고 합니다. 공이 한 통에 98개씩 84통 있을때, 한 상자에 몇 개씩 넣어야 하는지 답을 쓰시오.",98 * 84 // 64,128
"64개의 상자에 공을 두 개씩 담으려고 합니다. 공이 한 통에 98개씩 84통 있을때, 몇 개의 공이 남는지 쓰시오.",98 * 84 - (64 * 2),8104
공이 한 통에 98개씩 84통 있습니다. 이 공을 64개의 상자에 두 개씩 나누어 담으면 몇 개의 공이 남는지 쓰시오.,98 * 84 - (64 * 2),8104
"남준반의  학생 수는 79명이었다. 전학을 온 학생은 57명, 전학을 간 학생은 43명이라고 한다. 남준반 총 학생 수로 옳은 답은 어느 것입니까?",79 + 57 - 43,93
"남준반의  학생 수는 79명이었다. 전학을 간 학생은 57명, 전학을 온 학생은 43명이라고 한다. 남준반 총 학생 수로 옳은 답은 어느 것입니까?",79 - 57 + 43,65
"남준이네 반에 전학을 온 학생은 57명, 전학을 간 학생은 43명이라고 한다. 원래 남준이네 반의 학생수가 79명이라고 할 때, 총 학생수를 쓰시오.",57 - 43 + 79,93
"남준이네 반에 전학을 간 학생은 57명, 전학을 온 학생은 43명이라고 한다. 원래 남준이네 반의 학생수가 79명이라고 할 때, 총 학생수를 쓰시오.",(-57) + 43 + 79,65
"남준반의  학생 수는 79명이었다. 전학을 간 학생은 57명이라고 할 때, 남준반 총 학생 수로 옳은 답은 어느 것입니까?",79 - 57,22
"지민이네 반 여학생 89명은 81명씩 모둠을 만들었고, 남학생 68명은 64명씩 모둠을 만들었습니다. 만든 모둠은 모두 몇 모둠인지 쓰시오.",89 // 81 + 68 // 64,2
지민이네 반에서 학생 89명은 22명씩 모둠을 만들었다. 만든 모둠은 모두 몇 모둠인지 쓰시오.,89 // 22,4
"지민이네 반에서 남학생은 남학생끼리, 여학생은 여학생끼리 모둠을 만들려고 한다. 여학생이 81명, 남학생이 72명이고 9명씩 모둠을 만들 때, 몇 모둠이 만들어지는지 쓰시오.",81 // 9 + 72 // 9,17
지민이네 반에서 학생 89명은 22명씩 모둠을 만들었다. 모둠에 들어가지 못한 학생은 모두 몇 명인가?,89 % 22,1
"지민이네 반 여학생 89명은 81명씩 모둠을 만들었고, 남학생 68명은 64명씩 모둠을 만들었습니다. 모둠에 속하지 못 한 학생끼리 새로운 모둠을 만들 때, 몇 명이 속하는지 쓰시오.",89 % 81 + 68 % 64,12
"남학생 82명은 69명씩 팀을 만들고, 여학생 65명은 55명씩 팀을 만들었다. 만든 팀은 모두 몇 팀인지 구해 보시오.",82 // 69 + 65 // 55,2
학생들이 82명은 22명씩 팀을 만들었다. 만든 팀은 모두 몇 팀인지 구해 보시오.,82 // 22,3
학생들이 82명은 22명씩 팀을 만들었다. 팀에 속하지 못한 학생 수를 구해 보시오.,82 % 22,16
"남학생 82명, 여학생이 65명이 있다. 남학생은 69명씩 여학생은 55명씩 팀을 만들 때, 만든 팀은 모두 몇 팀인지 구해 보시오.",82 // 69 + 65 // 55,2
"남학생 82명, 여학생이 65명이 있다. 남학생은 69명씩 여학생은 55명씩 팀을 만들 때, 팀에 속하지 못한 학생 수를 구하시오.",82 % 69 + 65 % 55,23
"5학년 88～97반 학생들이 현장체험학습을 떠났습니다. 각 반 학생들은 모두 60명씩이었고, 숙소에 도착해 보니 한 방에는 59명씩 잘 수 있었습니다. 필요한 방의 개수로 옳은 것은 어느 것입니까?","( 97 - 88 + 1 ) * 60 // 59 ",10
5학년 학생들이 현장체험학습을 떠났습니다.  총 5반이고 각 반 학생들은 모두 60명씩 있습니다. 숙소에 도착해 보니 한 방에는 30명씩 잘 수 있었습니다. 필요한 방의 개수로 옳은 것은 어느 것입니까?,5 * 50 // 30,8
총 5반이고 각 반 학생들은 모두 60명씩 있는 5학년 학생들이 현장체험학습을 떠났습니다. 숙소에 도착해 보니 한 방에는 30명씩 잘 수 있었습니다. 필요한 방의 개수로 옳은 것은 어느 것입니까?,5 * 50 // 30,8
한 방에 30명씩 잘 수 있는 숙소에 5학년 학생들이 머물기로 했습니다. 5학년 학생들은 총 5반이고 각 반 학생들은 모두 60명씩 있습니다. 필요한 방의 개수로 옳은 것은 어느 것입니까?,5 * 50 // 30,8
"한 방에 29명씩 잘 수 있는 숙소에 5학년 학생들이 머물기로 했습니다. 5학년 학생들은 총 5반이고 각 반 학생들은 모두 60명씩 있습니다. 남은 학생들은 따로 방을 제공한다고 할 때, 몇 명이 남습니까?",5 * 50 % 30,10
"유나가 가진 끈은 99cm이고, 정국이는 길이가 84cm인 끈을 똑같이 73개로 나눈 것 중 하나를 가지고 있습니다. 유나가 가진 끈은 정국이가 가진 끈의 몇 배인지 구해 보시오.",99 / ( 84 / 73 ),86.04
"정국이는 길이가 84cm인 끈을 똑같이 73개로 나눈 것 중 하나를 가지고 있고, 유나는 99cm의 끈을 가지고 있습니다. 유나가 가진 끈은 정국이가 가진 끈의 몇 배인지 구해 보시오.",99 / ( 84 / 73 ),86.04
"정국이는 길이가 84cm인 끈을 똑같이 73개로 나눈 것 중 하나를 가지고 있고, 유나는 99cm의 끈을 똑같이 33개로 나눈 것 중 하나를 가지고 있습니다. 유나가 가진 끈은 정국이가 가진 끈의 몇 배인지 구해 보시오.",( 99 / 33 ) / ( 84 / 73 ),2.6
"정국이는 길이가 84cm인 끈을 가지고 있고, 유나는 99cm의 끈을 가지고 있습니다. 유나가 가진 끈은 정국이가 가진 끈의 몇 배인지 구해 보시오.",99 / 84,1.18
"정국이는 길이가 84cm인 끈을 가지고 있고, 유나는 99cm의 끈을 가지고 있습니다. 정국이가 가진 끈은 유나가 가진 끈의 몇 배인지 구해 보시오.",84 / 99,0.85
"4학년 학생들이 박물관으로 현장학습을 갔습니다. 우리 반은 88명 중에서 78명이 가지 않았고, 버스에는 운전기사와 선생님, 그리고 문화 해설 도우미 77명이 타셨습니다. 버스에는 모두 몇 명이 타고 있는지 쓰시오.",88 - 78 + 1 + 1 + 77,89
"4학년 학생들이 박물관으로 현장학습을 갔습니다. 우리 반은 88명 중에서 78명이 현장학습에 갔고, 버스에는 운전기사와 선생님, 그리고 문화 해설 도우미 77명이 타셨습니다. 버스에는 모두 몇 명이 타고 있는지 쓰시오.",78 + 2 + 1 + 1 + 77,159
"우리 반 학생 44명이 박물관으로 현장 학습을 갔습니다. 버스에는 운전기사, 담임 선생님, 그리고 문화 해설 도우미 2명이 타셨습니다. 버스에는 모두 몇 명이 있습니까?",44 + 1 + 1 + 2,48
"4학년 학생들이 박물관으로 현장학습을 갔습니다.  버스에는 운전기사, 담임 선생님, 문화 해설사 도우미 2명이 타고 있습니다. 우리 반 학생이 44명일 때, 버스에는 모두 몇 명이 있습니까?",1 + 1 + 2 + 44,48
"4학년 학생들이 박물관으로 현장학습을 갔습니다.  버스에는 운전기사, 담임 선생님, 문화 해설사 도우미 2명이 타고 있습니다. 모두 48명이 탔을 때, 우리 반 학생은 모두 몇 명입니까?",48 - ( 1 + 1 + 2 ),44
기차가 처음 역에서 89명을 태우고 출발했다. 다음 역에서 86명이 내리고 82명이 탔다면 지금 기차에 타고 있는 사람은 몇 명인지 구해 보시오.,89 - 86 + 82,85
기차가 처음 역에서 89명을 태우고 출발했다. 다음 역에서 86명이 타고 82명이 내렸다면 지금 기차에 타고 있는 사람은 몇 명인지 구해 보시오.,89 + 86 - 82,93
기차가 처음 역에서 89명을 태우고 출발했다. 다음 역에서 82명이 내렸다면 지금 기차에 타고 있는 사람은 몇 명인지 구해 보시오.,89 - 82,7
기차가 처음 역에서 89명을 태우고 출발했다. 다음 역에서 2명이 탔다면 지금 기차에 타고 있는 사람은 몇 명인지 구해 보시오.,89 + 2,91
"기차가 다음 역에서 86명이 타고 82명이 내렸다. 기차 안에는 총 98명이 타고 있을 때, 처음 역에서 출발했을 때 기차 안에 있던 사람은 몇 명인지 구해 보시오.",98 - ( 86 - 82 ),94
지민이는 98원을 가지고 97원짜리 공책 91권과 86원짜리 연필 74개를 샀다. 남은 돈은 얼마인지 구하시오.,98 - 97 * 91 - 86 * 74,-15093
지민이는 98원을 가지고 86원짜리 연필 74개를 샀다. 남은 돈은 얼마인지 구하시오.,98 - 86 * 74,-6266
"지민이는 98원을 가지고 96원짜리 도화지 3장, 97원짜리 공책 91권, 86원짜리 연필 74개를 샀다. 남은 돈은 얼마인지 구하시오.",98 - 96 * 3 - 97 * 91 - 86 * 74,-15381
지민이는 97원짜리 공책 91권과 86원짜리 연필 74개를 샀다. 지민이는 돈이 최소한 얼마가 있었는지 구하시오,97 * 91 + 86 * 74,15191
지민이는 86원짜리 연필 74개를 샀다. 지민이는 돈이 최소한 얼마가 있었는지 구하시오,86 * 74,6364
"조기 한 두름은 94마리입니다. 조기 85두름을 하루에 78마리씩 판다면, 며칠 동안 팔 수 있는지 구하시오.",94 * 85 // 78,102
"조기 85두름을 하루에 78마리씩 팔려고 합니다. 조기 한 두름은 94마리일 때, 며칠 동안 팔 수 있는지 구하시오.",85 * 94 // 78,102
"조기 85두름을 하루에 78마리씩 팔려고 합니다. 조기 한 두름은 94마리일 때, 팔고 남은 조기는 몇마리 입니까?",85 * 94 % 78,34
"조기 한 두름은 94마리 입니다. 조기 85두름을 하루에 78마리씩 팔려고 할 때, 팔고 남은 조기는 몇마리 입니까?",85 * 94 % 78,34
"조기 한 두름은 94마리입니다. 조기 85두름을 이틀에 78마리씩 판다면, 며칠 동안 팔 수 있는지 구하시오.",85 * 94 // 78 * 2,204
윤기가 사는 아파트는 89개의 동으로 나누어져 있습니다. 한 동의 가구 수가 70 가구라면 모두 몇 가구가 살고 있는지 옳게 구한 것은 어느 것입니까?,89 * 70,6230
"윤기는 한 동의 가구 수가 70 가구인 아파트에 살고 있습니다. 아파트가 89개의 동으로 나누어져 있을 때,  모두 몇 가구가 살고 있는지 옳게 구한 것은 어느 것입니까?",70 * 89,6230
"윤기는 한 동의 가구 수가 70 가구인 아파트에 살고 있습니다. 아파트에 총 6230가구가 살고 있을 때, 아파트는 몇 개의 동으로 나누어져 있나요?",6230 / 70,80
"윤기는 총 6230가구가 있는 아파트에 살고 있습니다. 한 동의 가구 수가 70 가구일 때, 아파트는 몇 개의 동으로 나누어져 있나요?",6230 / 70,80
"윤기는 총 6230가구가 있는 아파트에 살고 있습니다. 아파트가 89개의 동으로 나누어져 있을 때, 한 동에는 몇 개의 가구가 살고있나요?",6230 / 80,70
선물 포장 1개를 하는데 8㎝의 리본이 필요합니다. 만약 리본이 81㎝가 있다면 몇 개의 선물을 포장할 수 있는지 쓰시오.,81 // 8,10
"리본이 81㎝가 있습니다. 선물 포장 1개를 하는데 8㎝의 리본이 필요하다면, 몇 개의 선물을 포장할 수 있는지 쓰시오.",81 // 8,10
"리본이 81㎝가 있습니다. 선물 포장 2개를 하는데 8㎝의 리본이 필요하다면, 몇 개의 선물을 포장할 수 있는지 쓰시오.",81 // ( 8 / 2 ),20
선물 포장 2개를 하는데 8㎝의 리본이 필요합니다. 만약 리본이 81cm가 있다면 몇 개의 선물을 포장할 수 있는지 쓰시오.,81 // ( 8 / 2 ),20
선물 포장 2개를 하는데 8㎝의 리본이 필요합니다. 하나의 선물을 포장하는 데 몇 cm의 리본이 필요한지 쓰시오.,8 // 2,4
정국이네 농장에서 딴 귤 92개를 한 상자에 87개씩 나누어 담고 남은 것은 다 먹었습니다. 먹은 귤은 몇 개인지 쓰시오.,92 % 87,5
정국이네 농장에서 딴 귤 92개를 한 상자에 87개씩 나누어 담고 남은 것은 다 먹었습니다. 귤을 담은 상자가 몇 개인지 쓰시오.,92 // 87,1
정국이네 농장에서 귤을 92개 땄습니다. 한 상자에 87개씩 나누어 담고 남은 것은 다 먹었습니다. 먹은 귤은 몇 개인지 쓰시오.,92 % 87,5
"정국이네 농장에서 귤 92개를 땄습니다. 세 상자에 똑같이 나누어 담았을 때, 남은 귤은 몇 개입니까?",92 % 3,2
정국이네 농장에서 귤 92개를 땄습니다. 세 상자에 똑같이 나누어 담았습니다. 남은 귤은 몇 개입니까?,92 % 3,2
99m 철사를 한 도막에 85m가 되도록 잘랐습니다. 85m 철사를 최대 몇 도막까지 만들 수 있는지 쓰시오.,99 // 85,1
"한 도막에 85m가 되도록 철사를 자르려고 합니다. 99m 철사가 있을 때, 85m 철사를 최대 몇 도막까지 만들 수 있는지 쓰시오.",99 // 85,1
철사가 99cm있습니다. 한 도막에 85m가 되도록 철사를 자르려고 합니다. 85m 철사를 최대 몇 도막까지 만들 수 있는지 쓰시오.,99 // 85,1
"철사가 99cm있습니다. 한 도막에 85m가 되도록 철사를 자르려고 한다면, 최대 몇 도막까지 만들 수 있는지 쓰시오.",99 // 85,1
한 도막에 85m가 되도록 철사를 자르려고 하는데 99m 철사가 있습니다. 85m 철사를 최대 몇 도막까지 만들 수 있는지 쓰시오.,99 // 85,1
"태형이네 반에서는 선생님께서 어린이날에 76원짜리 아이스크림을 학생 71명에게 한 개씩 나누어 주려고 합니다. 아이스크림 값은 모두 얼마인지 쓰시오. ",76 * 71,5396
"태형이네 반에서는 선생님께서 어린이날에 아이들에게 아이스크림을 사주려고 합니다. 76원짜리 아이스크림을 학생 71명에게 한 개씩 나누어 주려고 합니다. 모두 얼마인지 쓰시오. ",76 * 71,5396
"태형이네 반에서는 선생님께서 어린이날에 아이들에게 아이스크림을 사주려고 합니다. 76원짜리 아이스크림을 학생 71명에게 한 개씩 나누어 주려고 할 때, 모두 얼마인지 쓰시오. ",76 * 71,5396
"선생님께서 76원짜리 아이스크림을 학생 71명에게 한 개씩 나누어 주려고 할 때, 모두 얼마인지 쓰시오. ",76 * 71,5396
"선생님께서 76원짜리 아이스크림을 학생 71명에게 두 개씩 나누어 주려고 할 때, 모두 얼마인지 쓰시오. ",76 * 71 * 2,"10,792"
운동화 한 켤레를 팔면 이익이 97원입니다. 운동화 87켤레를 팔면 이익은 모두 얼마인지 쓰시오.,97 * 87,8439
"운동화 한 켤레를 팔면 이익이 97원이라고할 때, 운동화 87켤레를 팔면 이익은 모두 얼마인지 쓰시오.",97 * 87,8439
"운동화 87켤레를 팔려고 합니다. 한 켤레를 팔면 이익이 97원이라고할 때, 이익은 모두 얼마인지 쓰시오.",87 * 97,8439
"운동화 87켤레를 팔려고 하는데, 한 켤레를 팔면 이익이 97원이라고합니다. 이익은 모두 얼마인지 쓰시오.",87 * 97,8439
"운동화 87켤레를 팔려고 하는데, 두 켤레를 팔면 이익이 97원이라고합니다. 이익은 모두 얼마인지 쓰시오.",87 * ( 97 // 2 ),4176
민영이는 94㎝의 끈으로 고춧대를 묶으려고 합니다. 끈을 93㎝씩 잘라서 고춧대를 묶는다면 고춧대를 몇 개까지 묶을 수 있습니까?,94 // 93,1
"민영이는 94㎝의 끈으로 고춧대를 묶으려고 하는데, 끈을 93㎝씩 잘라서 고춧대를 묶는다면 고춧대를 몇 개까지 묶을 수 있습니까?",94 // 93,1
"민영이가 끈을 93㎝씩 잘라서 고춧대를 묶으려고 합니다. 끈이 94㎝ 있다고 할때, 고춧대를 몇 개까지 묶을 수 있습니까?",94 // 93,1
"민영이가 끈을 93㎝씩 잘라서 고춧대를 묶으려고 하는데, 끈이 94㎝ 있다고 할때, 고춧대를 몇 개까지 묶을 수 있습니까?",94 // 93,1
"민영이가 끈을 93㎝씩 잘라서 고춧대를 묶으려고 하는데, 끈이 94㎝ 있다고 합니다. 민영이는 고춧대를 몇 개까지 묶을 수 있습니까?",94 // 93,1
상자 안에 98개의 공이 있습니다. 윤기가 80개의 공을 상자 안에 더 넣었습니다. 상자 안에 있는 공은 모두 몇 개입니까?,98 + 80,178
"윤기가 80개의 공을 상자 안에 더 넣었습니다. 상자 안에 98개의 공이 있었다고 할 때, 상자 안에 있는 공은 모두 몇 개입니까?",80 + 98,178
"상자 안에 98개의 공이 있는데, 윤기가 80개의 공을 상자 안에 더 넣었습니다. 상자 안에 있는 공은 모두 몇 개입니까?",98 + 80,178
"윤기가 80개의 공을 상자 안에 더 넣고. 상자 안에 98개의 공이 있었다고 할 때, 상자 안에 있는 공은 모두 몇 개입니까?",80 + 98,178
"윤기가 80개의 공을 상자 안에서 빼냈습니다. 상자 안에 98개의 공이 있었다고 할 때, 상자 안에 있는 공은 모두 몇 개입니까?",98 - 80,18
89부터 90까지의 홀수의 합을 구하시오,"sum( [ i * ( i % 2 == 1 ) for i in range( 89 , 90 + 1 ) ] )",89
89부터 90까지의 합을 구하시오,"sum( [ i for i in range( 89 , 90 + 1 ) ] )",179
89부터 90까지의 짝수의 합을 구하시오,"sum( [ i * ( i % 2 == 0 ) for i in range( 89 , 90 + 1 ) ] )",90
숫자가 89부터 90까지 있습니다. 이 두 수 사이의 홀수의 합을 구하시오,"sum( [ i * ( i % 2 == 1 ) for i in range( 89 , 90 + 1 ) ] )",89
숫자가 89부터 90까지 있습니다. 이 두 수 사이의 수들의 합을 구하시오,"sum( [ i for i in range( 89 , 90 + 1 ) ] )",179
"윤기, 정국, 남준이의 수학 점수는 각각 88점, 81점, 78점입니다. 이 셋을 제외한 학급의 수학 점수 평균은 69점입니다. 윤기네 학급 인원수가 63명일 때, 학급 수학 평균 점수는 몇 점입니까?",( 88 + 81 + 78 + 69 * ( 63 - 3 ) ) / 63,69.63
"윤기, 정국, 남준이의 수학 점수는 각각 88점, 81점, 78점이고, 이 셋을 제외한 학급의 수학 점수 평균은 69점입니다. 윤기네 학급 인원수가 63명일 때, 학급 수학 평균 점수는 몇 점입니까?",( 88 + 81 + 78 + 69 * ( 63 - 3 ) ) / 63,69.63
"윤기, 남준이의 수학 점수는 각각 88점, 78점입니다. 이 둘을 제외한 학급의 수학 점수 평균은 69점입니다. 윤기네 학급 인원수가 63명일 때, 학급 수학 평균 점수는 몇 점입니까?",( 88 + 78 + 69 * ( 63 - 2 ) ) / 63,69.44
"윤기네 반 학생수는 모두 63명입니다. 윤기, 정국, 남준이의 수학 점수는 각각 88점, 81점, 78점입니다. 이 셋을 제외한 학급의 수학 점수 평균은 69점일 때, 학급 수학 평균 점수는 몇 점입니까?",( 88 + 81 + 78 + 69 * ( 63 - 3 ) ) / 63,69.63
"윤기, 정국, 남준이의 수학 점수는 각각 88점, 81점, 78점입니다. 이 셋을 제외한 학급의 수학 점수 평균은 69점이고 윤기네 학급 인원수가 63명일 때, 학급 수학 평균 점수는 몇 점입니까?",( 88 + 81 + 78 + 69 * ( 63 - 3 ) ) / 63,69.63
76부터 93까지의 짝수의 합을 구하시오,"sum( [ i * ( i % 2 == 0 ) for i in range( 76 , 93 + 1 ) ] )",756
76부터 93까지의 홀수의 합을 구하시오,"sum( [ i * ( i % 2 == 1 ) for i in range( 76 , 93 + 1 ) ] )",765
76부터 93까지의 숫자들의 합을 구하시오,"sum( [ i for i in range( 76 , 93 + 1 ) ] )",1521
76부터 93까지 숫자들이 있습니다. 이 숫자들 중 짝수의 합을 구하시오,"sum( [ i * ( i % 2 == 0 ) for i in range( 76 , 93 + 1 ) ] )",756
76부터 93까지 숫자들이 있습니다. 이 숫자들 중 홀수의 합을 구하시오,"sum( [ i * ( i % 2 == 1 ) for i in range( 76 , 93 + 1 ) ] )",765
93부터 96까지의 수 중 79의 배수의 합을 구하시오,"sum( [ i * ( i % 79 == 0 ) for i in range( 93 , 96 + 1 ) ] )",0
93부터 96까지 숫자들이 있습니다. 이 중 79의 배수의 합을 구하시오,"sum( [ i * ( i % 79 == 0 ) for i in range( 93 , 96 + 1 ) ] )",0
"어떤 숫자 범위에서 79의 배수의 합을 구하려고 합니다. 어떤 숫자 범위가 93부터 96이라 할 때, 합을 구하시오.","sum( [ i * ( i % 79 == 0 ) for i in range( 93 , 96 + 1 ) ] )",0
"어떤 숫자 범위에서 79의 배수의 합을 구하려고 하는데, 이 어떤 숫자 범위가 93부터 96이라고 합니다. 합을 구하시오.","sum( [ i * ( i % 79 == 0 ) for i in range( 93 , 96 + 1 ) ] )",0
93부터 96까지의 수 중 77의 배수의 합을 구하시오,"sum( [ i * ( i % 77 == 0 ) for i in range( 93 , 96 + 1 ) ] )",0
20명의 학생들이 한 줄로 줄을 섰습니다. 윤기의 앞에 11명의 학생들이 서 있습니다. 윤기의 뒤에 서 있는 학생은 몇 명입니까?,20 - 11 + 1,10
"20명의 학생들이 한 줄로 줄을 섰있는데, 윤기의 앞에 11명의 학생들이 서 있습니다. 윤기의 뒤에 서 있는 학생은 몇 명입니까?",20 - 11 + 1,10
"20명의 학생들이 한 줄로 줄을 섰습니다. 윤기의 앞에 11명의 학생들이 서 있을 때, 윤기의 뒤에 서 있는 학생은 몇 명입니까?",20 - 11 + 1,10
"윤기의 앞에 11명의 학생들이 서 있습니다. 20명의 학생들이 한 줄로 줄로 서있다고 할 때, 윤기의 뒤에 서 있는 학생은 몇 명입니까?",20 - 11 + 1,10
"윤기의 앞에 11명의 학생들이 서 있고, 20명의 학생들이 한 줄로 줄로 서있습니다. 윤기의 뒤에 서 있는 학생은 몇 명입니까?",20 - 11 + 1,10
"달리기 시합에서 남준이는 2등을 했고, 윤기는 4등을 했습니다. 호석이는 윤기보다 잘했지만 남준이보다는 못했습니다. 호석이의 등수는 몇 등입니까?","range( min( 2 , 4 ) + 1 , max( 2 , 4 ) ) [0]",3
"달리기 시합에서 남준이는 2등을 했습니다. 윤기는 4등을 했고, 호석이는 윤기보다 잘했지만 남준이보다는 못했습니다. 호석이의 등수는 몇 등입니까?","range( min( 2 , 4 ) + 1 , max( 2 , 4 ) ) [0]",3
"달리기 시합에서 윤기는 4등을 했습니다. 남준이는 2등을 했고, 호석이는 윤기보다 잘했지만 남준이보다는 못했습니다. 호석이의 등수는 몇 등입니까?","range( min( 2 , 4 ) + 1 , max( 2 , 4 ) ) [0]",3
"달리기 시합에서 윤기는 4등을 했습니다. 남준이는 2등을 했고, 호석이는 윤기보다 잘했지만 남준이보다는 못했다고 할 때, 호석이의 등수는 몇 등입니까?","range( min( 2 , 4 ) + 1 , max( 2 , 4 ) ) [0]",3
"달리기 시합에서 윤기는 4등을 했고, 남준이는 2등을 했습니다. 호석이는 윤기보다 잘했지만 남준이보다는 못했다고 할 때, 호석이의 등수는 몇 등입니까?","range( min( 2 , 4 ) + 1 , max( 2 , 4 ) ) [0]",3
키가 작은 사람부터 순서대로 9명이 한 줄로 서 있습니다. 호석이가 앞에서부터 5번째에 서 있습니다. 키가 큰 사람부터 순서대로 다시 줄을 서면 호석이는 앞에서부터 몇 번째에 서게 됩니까?,9 - 5 + 1,5
"키가 작은 사람부터 순서대로 9명이 한 줄로 서 있는데, 호석이가 앞에서부터 5번째에 서 있습니다. 키가 큰 사람부터 순서대로 다시 줄을 서면 호석이는 앞에서부터 몇 번째에 서게 됩니까?",9 - 5 + 1,5
"키가 작은 사람부터 순서대로 9명이 한 줄로 서 있는데, 키가 큰 사람부터 순서대로 다시 줄을 서려고 합니다. 호석이가 앞에서부터 5번째에 서 있었다고 할 때, 호석이는 앞에서부터 몇 번째에 서게 됩니까?",9 - 5 + 1,5
"키가 작은 사람부터 순서대로 9명이 한 줄로 서 있습니다. 키가 큰 사람부터 순서대로 다시 줄을 서려고 합니다. 호석이가 앞에서부터 5번째에 서 있었다고 할 때, 호석이는 앞에서부터 몇 번째에 서게 됩니까?",9 - 5 + 1,5
"호석이는 키가 작은 사람부터 순서대로 섰을 때 앞에서부터 5번째에 서 있습니다. 학생들이 모두 9명이고, 키가 큰 사람부터 순서대로 다시 줄을 서면 호석이는 앞에서부터 몇 번째에 서게 됩니까?",9 - 5 + 1,5
"남준, 유나, 지민, 은지, 태형, 민영의 6명 중 3명을 의자에 앉히려고 할 때, 남준가 반드시 앉게 되는 방법의 수를 구하여라.","math.comb( 6 - 1 , 3 - 1 )",10
"남준, 유나, 지민, 은지, 태형, 민영의 6명 중 3명을 의자에 앉히려고 한다. 이때 남준가 반드시 앉게 되는 방법의 수를 구하여라.","math.comb( 6 - 1 , 3 - 1 )",10
"남준, 유나, 지민, 은지, 태형, 민영의 6명의 학생이 있다. 이 중 3명을 의자에 앉히려고 한다. 이때 남준가 반드시 앉게 되는 방법의 수를 구하여라.","math.comb( 6 - 1 , 3 - 1 )",10
"남준, 유나, 지민, 은지, 태형, 민영의 6명의 학생이 있다. 이 중 3명을 의자에 앉히려고 할 때 남준가 반드시 앉게 되는 방법의 수를 구하여라.","math.comb( 6 - 1 , 3 - 1 )",10
"남준이가 반드시 의자에 앉으려고 합니다. 남준이를 포함해 6명의 학생이 있고, 이 중 3명을 의자에 앉히려고 합니다. 남준이가 반드시 안제 되는 방법의 수를 구하시오.","math.comb( 6 - 1 , 3 - 1 )",10
"어느 축구 대회에 10개 팀이 참가하였다. 이 대회에서 1등, 2등, 3등을 뽑아 상을 주려고 할 때, 상을 받는 모든 경우의 수를 구하여라.",math.factorial( 10 ) / math.factorial( 10 - 3 ),720
"어느 축구 대회에 10개 팀이 참가하였는데, 이 대회에서 1등, 2등, 3등을 뽑아 상을 주려고 한다. 상을 받는 모든 경우의 수를 구하여라.",math.factorial( 10 ) / math.factorial( 10 - 3 ),720
"어느 축구 대회에 1등, 2등, 3등을 뽑아 상을 주려고 한다. 10개 팀이 참가하였을 때, 상을 받는 모든 경우의 수를 구하여라.",math.factorial( 10 ) / math.factorial( 10 - 3 ),720
"어느 축구 대회에 1등, 2등, 3등을 뽑아 상을 주려고 하는데, 10개 팀이 참가하였다고 한다. 상을 받는 모든 경우의 수를 구하여라.",math.factorial( 10 ) / math.factorial( 10 - 3 ),720
"어느 축구 대회에 1등, 2등, 3등을 뽑아 상을 주려고 한다. 이 대회에 10개 팀이 참가하였다고 한다. 상을 받는 모든 경우의 수를 구하여라.",math.factorial( 10 ) / math.factorial( 10 - 3 ),720
" A, B, C, D의 네 팀이 축구 시합을 한다. 어느 팀과도 한 번씩 시합을 한다고 할 때, 모두 몇 번의 시합이 있겠는가?","math.comb( 4 , 2 )",6
" A, B, C, D의 네 팀이 축구 시합을 하는데, 어느 팀과도 한 번씩 시합을 한다고 할 때, 모두 몇 번의 시합이 있겠는가?","math.comb( 4 , 2 )",6
" A, B, C, D의 네 팀이 축구 시합을 하는데, 어느 팀과도 한 번씩 시합을 한다고 한다. 모두 몇 번의 시합이 있겠는가?","math.comb( 4 , 2 )",6
"축구시합에서 어느 팀과도 한 번씩 시합을 한다고 한다. A, B, C, D의 네 팀이 시합을 한다고 할 때, 모두 몇 번의 시합이 있겠는가?","math.comb( 4 , 2 )",6
"축구시합에서 어느 팀과도 한 번씩 시합을 한다고 할 때,  A, B, C, D의 네 팀이 참가했다. 모두 몇 번의 시합이 있겠는가?","math.comb( 4 , 2 )",6
83명의 테니스 선수 중 79명을 뽑아 만들 수 있는 조의 개수는?,"math.comb( 83 , 79 )",1837620
83명의 테니스 선수가 있다. 이 중 79명을 뽑아 만들 수 있는 조의 개수는?,"math.comb( 83 , 79 )",1837620
테니스 선수 중 79명을 뽑아 조를 만들려고 한다. 83명의 테니스 선수가 있다. 조의 개수는?,"math.comb( 83 , 79 )",1837620
"테니스 선수 중 79명을 뽑아 조를 만들려고 한다. 83명의 테니스 선수가 있다고 할 때, 만들어지는 조의 개수는?","math.comb( 83 , 79 )",1837620
"테니스 선수 중 79명을 뽑아 조를 만들려고 하는데, 83명의 테니스 선수가 있다고한다. 이 때 만들어지는 조의 개수는?","math.comb( 83 , 79 )",1837620
"윤기네 학교에서 학생회장과 부회장을 선출하려고 하는데 민영, 은지, 호석, 정국 네 명의 후보가 나왔다. 이 중에서 회장 1명, 부회장 1명을 뽑는 경우의 수는?",math.factorial( 4 ) / math.factorial( 2 ),12
"윤기네 학교에서 학생회장과 부회장을 선출하려고 한다. 민영, 은지, 호석, 정국 네 명의 후보가 나왔다. 이 중에서 회장 1명, 부회장 1명을 뽑는 경우의 수는?",math.factorial( 4 ) / math.factorial( 2 ),12
"윤기네 학교에서 민영, 은지, 호석, 정국 네 명의 학생회 후보가 나왔다. 이 중에서 회장 1명, 부회장 1명을 뽑는 경우의 수는?",math.factorial( 4 ) / math.factorial( 2 ),12
"윤기네 학교에서 민영, 은지, 호석, 정국 네 명의 학생회 후보가 나왔는데, 이 중에서 회장 1명, 부회장 1명을 뽑는 경우의 수는?",math.factorial( 4 ) / math.factorial( 2 ),12
"윤기네 학교에서 네 명의 학생회 후보가 나왔는데, 이 중에서 회장 1명, 부회장 1명을 뽑는 경우의 수는?",math.factorial( 4 ) / math.factorial( 2 ),12
"0, 1, 2, 3, ... , 9의 숫자가 각각 적힌 10장의 카드에서 2장을 뽑아 두 자리의 정수를 만들 때, 만들 수 있는 수의 경우의 수는?",( math.factorial( 10 ) - math.factorial( 10 - 1 ) ) / math.factorial( 10 - 2 ),81
"0, 1, 2, 3, ... , 9의 숫자가 각각 적힌 10장의 카드가 있다. 여기에서 2장을 뽑아 두 자리의 정수를 만들려고 한다. 만들 수 있는 수의 경우의 수는?",( math.factorial( 10 ) - math.factorial( 10 - 1 ) ) / math.factorial( 10 - 2 ),81
"카드에서 2장을 뽑아 두 자리의 정수를 만들려고 한다. 0, 1, 2, 3, ... , 9의 숫자가 각각 적힌 10장의 카드가 있다. 만들 수 있는 수의 경우의 수는?",( math.factorial( 10 ) - math.factorial( 10 - 1 ) ) / math.factorial( 10 - 2 ),81
"카드에서 2장을 뽑아 두 자리의 정수를 만들려고 한다. 0, 1, 2, 3, ... , 9의 숫자가 각각 적힌 10장의 카드가 있다고 할때, 만들 수 있는 수의 경우의 수는?",( math.factorial( 10 ) - math.factorial( 10 - 1 ) ) / math.factorial( 10 - 2 ),81
"카드에서 2장을 뽑아 두 자리의 정수를 만들려고 하는데, 0, 1, 2, 3, ... , 9의 숫자가 각각 적힌 10장의 카드가 있다고 한다. 만들 수 있는 수의 경우의 수는?",( math.factorial( 10 ) - math.factorial( 10 - 1 ) ) / math.factorial( 10 - 2 ),81
"1에서 84까지 숫자가 각각 적힌 카드 84장 중에서 한 장의 카드를 뽑을 때, 68의 배수가 나오는 경우의 수를 구하여라.",84 // 68,1
"1에서 84까지 숫자가 각각 적힌 카드뭉치가 있다. 이 중에서 한 장의 카드를 뽑을 때, 68의 배수가 나오는 경우의 수를 구하여라.",84 // 68,1
1에서 84까지 숫자가 각각 적힌 카드 84장 중에서 한 장의 카드를 뽑으려고 한다. 68의 배수가 나오는 경우의 수를 구하여라.,84 // 68,1
"카드를 한 장 뽑아 68의 배수가 나오는 경우의 수를 구하려고 한다. 84장의 카드가 1에서 84까지 숫자가 적혀있다고 할 때, 경우의 수는?",84 // 68,1
"카드를 한 장 뽑아 68의 배수가 나오는 경우의 수를 구하려고 할 때, 84장의 카드가 1에서 84까지 숫자가 적혀있다고 한다. 경우의 수는?",84 // 68,1
"사과, 복숭아, 배, 참외 중에서 두 가지의 과일을 골라서 사는 경우는 모두 몇 가지입니까?","math.comb( 4 , 2 )",6
"과일이 사과, 복숭아, 배, 참외가 있습니다. 이 중에서 두 가지의 과일을 골라서 사는 경우는 모두 몇 가지입니까?","math.comb( 4 , 2 )",6
"과일 중에서 두 가지의 과일을 골라사려고 합니다. 과일이 사과, 복숭아, 배, 참외가 있습니다. 골라 사는 경우는 모두 몇 가지입니까?","math.comb( 4 , 2 )",6
"과일 중에서 두 가지의 과일을 골라사려고 합니다. 과일이 사과, 복숭아, 배, 참외가 있다고 할 때, 골라 사는 경우는 모두 몇 가지입니까?","math.comb( 4 , 2 )",6
"과일 중에서 두 가지의 과일을 골라사려 하는데, 과일이 사과, 복숭아, 배, 참외가 있다고 합니다. 골라 사는 경우는 모두 몇 가지입니까?","math.comb( 4 , 2 )",6
"4개의 숫자, 7, 2, 5, 9를 한 번씩만 사용하여 네 자리수를 만들려고 합니다. 만들 수 있는 네 자리 수는 모두 몇 개입니까?",math.factorial( 4 ),24
"주어진 숫자를 이용해 네 자리수를 만들려고 합니다. 4개의 숫자, 7, 2, 5, 9를 한 번씩만 사용하여 만들 수 있는 네 자리 수는 모두 몇 개입니까?",math.factorial( 4 ),24
"4개의 숫자, 7, 2, 5, 9를 한 번씩만 사용하여 네 자리수를 만들려고 할 때, 만들 수 있는 네 자리 수는 모두 몇 개입니까?",math.factorial( 4 ),24
"주어진 숫자를 이용해 네 자리수를 만들려고 하는데, 4개의 숫자, 7, 2, 5, 9를 한 번씩만 사용하여 만든다고 합니다. 만들어지는 네 자리 수는 모두 몇 개입니까?",math.factorial( 4 ),24
"4개의 숫자, 7, 2, 5, 9를 한 번씩만 사용해 만들어지는 네 자리 수는 모두 몇 개입니까?",math.factorial( 4 ),24
"소설, 수필, 시집 중에서 두 가지만을 사려고 한다. 두 가지를 선택하는 방법의 수는?","math.comb( 3 , 2 )",3
"서점에 소설, 수필, 시집이 있다. 이 중에서 두 가지만을 사려고 한다. 두 가지를 선택하는 방법의 수는?","math.comb( 3 , 2 )",3
"소설, 수필, 시집 중에서 두 가지만을 사려고 할 때, 선택하는 방법의 수는?","math.comb( 3 , 2 )",3
"서점에 두 종류의 책을 사려고 한다. 종류가 소설, 수필, 시집이 있다고 할 때, 두 가지를 선택하는 방법의 수는?","math.comb( 3 , 2 )",3
"서점에 두 종류의 책을 사려고 하는데, 종류가 소설, 수필, 시집이 있다고 한다. 두 가지를 선택하는 방법의 수는?","math.comb( 3 , 2 )",3
"똑같은 볼펜 96자루를 석진, 유정 두 사람이 나누어 갖는 방법은 모두 몇 가지인가?(단, A, B 두 사람은 적어도 한 자루의 볼펜을 갖는다.)","math.comb( 96 - 1 , 1 )",95
"똑같은 볼펜 96자루가 있다. 이 볼펜들을 석진, 유정 두 사람이 나누어 갖는 방법은 모두 몇 가지인가?(단, A, B 두 사람은 적어도 한 자루의 볼펜을 갖는다.)","math.comb( 96 - 1 , 1 )",95
"똑같은 볼펜 96자루를 석진, 유정 두 사람이 나누어 갖는 방법은 모두 몇 가지인가?(단, A, B 두 사람은 적어도 한 자루의 볼펜을 갖는다.)","math.comb( 96 - 1 , 1 )",95
"석진, 유정 두 사람이 똑같은 볼펜 96자루를 나누어 갖는 방법은 모두 몇 가지인가?(단, A, B 두 사람은 적어도 한 자루의 볼펜을 갖는다.)","math.comb( 96 - 1 , 1 )",95
"석진, 유정 두 사람이 있다. 똑같은 볼펜 96자루를 나누어 가지려고 할 때, 방법은 모두 몇 가지인가?(단, A, B 두 사람은 적어도 한 자루의 볼펜을 갖는다.)","math.comb( 96 - 1 , 1 )",95
사과 89개를 서로 다른 두 마리 원숭이에게 나누어 주려고 합니다. 원숭이는 적어도 사과 1개는 받습니다. 사과를나누어 주는 방법은 모두 몇 가지 입니까?,"math.comb( 89 - 1 , 1 )",88
"사과 89개를 서로 다른 두 마리 원숭이에게 나누어 주려고 할 때, 원숭이는 적어도 사과 1개는 받는다고 합니다. 사과를나누어 주는 방법은 모두 몇 가지 입니까?","math.comb( 89 - 1 , 1 )",88
"사과 89개를 서로 다른 두 마리 원숭이에게 나누어 주려고 합니다. 원숭이는 적어도 사과 1개는 받는다고 할 때, 사과를나누어 주는 방법은 모두 몇 가지 입니까?","math.comb( 89 - 1 , 1 )",88
"원숭이 두 마리에게 사과를 나누어 주려고 합니다. 사과 89개가 있고, 원숭이는 적어도 사과 1개는 받는다고 할 때, 사과를나누어 주는 방법은 모두 몇 가지 입니까?","math.comb( 89 - 1 , 1 )",88
"원숭이 두 마리에게 사과를 나누어 주려고 합니다. 원숭이는 적어도 사과 1개는 받고, 사과가 89개 있다고 할 때, 사과를나누어 주는 방법은 모두 몇 가지 입니까?","math.comb( 89 - 1 , 1 )",88
"남준, 민영, 은지, 유나, 석진 5명을 한 줄로 세울 때, 유나가 맨 뒤에 서는 경우의 수는?",math.factorial( 5 - 1 ),24
"남준, 민영, 은지, 유나, 석진 5명의 학생이 있습니다. 이들을 한 줄로 세울 때, 유나가 맨 뒤에 서는 경우의 수는?",math.factorial( 5 - 1 ),24
"남준, 민영, 은지, 유나, 석진 5명을 한 줄로 세우려고 합니다. 유나가 맨 뒤에 서는 경우의 수는?",math.factorial( 5 - 1 ),24
"유나를 포함한 5명을 한 줄로 세우려고 할 때, 유나가 맨 뒤에 서는 경우의 수는?",math.factorial( 5 - 1 ),24
"남준, 민영, 은지, 유나, 석진 5명을 한 줄로 세우려고 합니다. 유나가 앞 앞에 서는 경우의 수는?",math.factorial( 5 - 1 ),24
66개의 전구에 불을 켜서 신호를 보낸다면 이 전구들로 신호를 나타낼 수 있는 방법은 몇 가지인가?,2 ** 66,7.38E+19
66개의 전구에 불을 켜서 신호를 보내려고 합니다. 이 전구들로 신호를 나타낼 수 있는 방법은 몇 가지인가?,2 ** 66,7.38E+19
전구에 불을 켜서 신호를 보내려고 합니다. 66개의 전구들로 신호를 나타낼 수 있는 방법은 몇 가지인가?,2 ** 66,7.38E+19
"전구에 불을 켜서 신호를 보내려고 할 때, 66개의 전구들로 신호를 나타낼 수 있는 방법은 몇 가지인가?",2 ** 66,7.38E+19
"전구에 불을 켜서 신호를 보내려고 하는데, 전구가 66개 있다고 합니다. 신호를 나타낼 수 있는 방법은 몇 가지인가?",2 ** 66,7.38E+19
"5개의 문자 A, B, C, D, E에서 3개를 뽑아 일렬로 세울 때, B가 빠지는 경우는 모두 몇 가지인가?","math.comb( 5 - 1 , 3 ) * math.factorial( 3 )",24
"5개의 문자 A, B, C, D, E에서 3개를 뽑아 일렬로 세우려고 합니다. B가 빠지는 경우는 모두 몇 가지인가?","math.comb( 5 - 1 , 3 ) * math.factorial( 3 )",24
"5개의 문자 A, B, C, D, E가 있습니다. 이 중에서 3개를 뽑아 일렬로 세울 때, B가 빠지는 경우는 모두 몇 가지인가?","math.comb( 5 - 1 , 3 ) * math.factorial( 3 )",24
"5개의 문자 A, B, C, D, E가 있습니다. 이 중에서 3개를 뽑아 일렬로 세우려고 합니다. B가 빠지는 경우는 모두 몇 가지인가?","math.comb( 5 - 1 , 3 ) * math.factorial( 3 )",24
"5개의 문자 중 3개를 뽑아 일렬로 세우려고 합니다. 문자는 A, B, C, D, E가 있을 때, B가 빠지는 경우는 모두 몇 가지인가?","math.comb( 5 - 1 , 3 ) * math.factorial( 3 )",24
"어느 인터넷 쇼핑몰에서 94가지 물품 중 87가지를 준다고 한다. 물품 중 87가지를 선택할 때, 선택할 수 있는 경우의 수는?","math.comb( 94 , 87 )",10235867928
어느 인터넷 쇼핑몰에서 94가지 물품 중 87가지를 준다고 한다. 물품 중 87가지를 선택하려고 한다. 선택할 수 있는 경우의 수는?,"math.comb( 94 , 87 )",10235867928
"어느 인터넷 쇼핑몰에서 94가지 물품 중 87가지를 선택하려고 할 때, 선택할 수 있는 경우의 수는?","math.comb( 94 , 87 )",10235867928
"어느 인터넷 쇼핑몰에서 87가지의 물품을 준다고 한다. 물품이 총 94가지 있다고 할 때, 선택할 수 있는 경우의 수는?","math.comb( 94 , 87 )",10235867928
"어느 인터넷 쇼핑몰에서 87가지의 물품을 주는데, 물품이 총 94가지 있다고 한다. 선택할 수 있는 경우의 수는?","math.comb( 94 , 87 )",10235867928
"윤기가 교내 텃밭을 가꾸는데 감자, 고구마, 고추, 상추, 토마토, 가지 중에서 세 가지를 선택하여 심으려고 한다. 윤기가 선택할 수 있는 경우의 수는?","math.comb( 6 , 3 )",20
"윤기가 교내 텃밭을 감자, 고구마, 고추, 상추, 토마토, 가지를 이용해 가꾸려고 한다. 이 중 세 가지를 선택하여 심으려고 한다. 윤기가 선택할 수 있는 경우의 수는?","math.comb( 6 , 3 )",20
윤기가 교내 텃밭을 6개의 씨앗 중 세 가지를 선택하여 심으려고 한다. 윤기가 선택할 수 있는 경우의 수는?,"math.comb( 6 , 3 )",20
"윤기가 교내 텃밭을 6개의 씨앗 중 세 가지를 선택하여 심으려고 할 때, 윤기가 선택할 수 있는 경우의 수는?","math.comb( 6 , 3 )",20
"윤기가 6개의 씨앗을 가지고 있다. 교내 텃밭에 이 중 세 가지를 선택하여 심으려고 할 때, 윤기가 선택할 수 있는 경우의 수는?","math.comb( 6 , 3 )",20
"사과, 배, 귤, 밤, 대추가 각각 한 개씩 있다. 두 사람에게 한 개씩 나누어 주는 방법은 모두 몇 가지인가?","math.comb( 5 , 1 ) * math.comb( 4 , 1 )",20
"사과, 배, 귤, 밤, 대추가 각각 한 개씩 있을 때, 두 사람에게 한 개씩 나누어 주는 방법은 모두 몇 가지인가?","math.comb( 5 , 1 ) * math.comb( 4 , 1 )",20
"두 사람에게 사과, 배, 귤, 밤, 대추를 한 종류씩 나누어 주는 방법은 모두 몇 가지인가?","math.comb( 5 , 1 ) * math.comb( 4 , 1 )",20
"두 사람에게 과일을 한 종류씩 나누어 주려고 한다. 사과, 배, 귤, 밤, 대추가 있다고 할 때, 나누어 주는 방법은 모두 몇 가지인가?","math.comb( 5 , 1 ) * math.comb( 4 , 1 )",20
"두 사람에게 과일을 한 종류씩 나누어 주려고 하는데, 과일이 사과, 배, 귤, 밤, 대추가 있다고 한다. 나누어 주는 방법은 모두 몇 가지인가?","math.comb( 5 , 1 ) * math.comb( 4 , 1 )",20
"사과, 배, 귤, 밤, 대추가 각각 한 개씩 있다. 두 사람에게 두 개씩 나누어 주는 방법은 모두 몇 가지인가?","math.comb( 5 , 2 ) * math.comb( 3 , 2 )",30
"사과, 배, 귤, 밤, 대추가 각각 한 개씩 있다고 할 때, 두 사람에게 두 개씩 나누어 주는 방법은 모두 몇 가지인가?","math.comb( 5 , 2 ) * math.comb( 3 , 2 )",30
"두 사람에게 과일을 두 종류 씩 나누어 주려고 한다. 과일이 사과, 배, 귤, 밤, 대추가 있다고 한다. 방법은 모두 몇 가지인가?","math.comb( 5 , 2 ) * math.comb( 3 , 2 )",30
"두 사람에게 과일을 두 종류 씩 나누어 주려고하는데, 과일이 사과, 배, 귤, 밤, 대추가 있다고 한다. 방법은 모두 몇 가지인가?","math.comb( 5 , 2 ) * math.comb( 3 , 2 )",30
"두 사람에게 과일을 두 종류 씩 나누어 주려고 한다. 과일이 사과, 배, 귤, 밤, 대추가 있다고 할 때, 방법은 모두 몇 가지인가?","math.comb( 5 , 2 ) * math.comb( 3 , 2 )",30
"87개의 사과를 두 개의 같은 바구니에 나누어 담는 방법의 수를 구하여라.(단, 적어도 각 바구니에 한 개씩은 넣는다.)",( 87 - 1 ),86
"87개의 사과가 있다. 이 사과들을 두 개의 같은 바구니에 나누어 담는 방법의 수를 구하여라.(단, 적어도 각 바구니에 한 개씩은 넣는다.)",( 87 - 1 ),86
"두 개의 같은 바구니에 87개의 사과를 나누어 담는 방법의 수를 구하여라.(단, 적어도 각 바구니에 한 개씩은 넣는다.)",( 87 - 1 ),86
"두 개의 같은 바구니에 사과를 나누어 담으려고 한다. 87개의 사과를 나누어 담는 방법의 수를 구하여라.(단, 적어도 각 바구니에 한 개씩은 넣는다.)",( 87 - 1 ),86
"두 개의 같은 바구니에 사과를 나누어 담으려고 할 때, 사과가 총 87개가 있다고 한다. 나누어 담는 방법의 수를 구하여라.(단, 적어도 각 바구니에 한 개씩은 넣는다.)",( 87 - 1 ),86
" A, B, C, D, E의 다섯 팀이 서로 한 번씩 시합을 가지려면 모두 몇 번의 시합을 해야 하는가?","math.comb( 5 , 2 )",10
" A, B, C, D, E의 다섯 팀이 있다. 서로 한 번씩 시합을 가지려면 모두 몇 번의 시합을 해야 하는가?","math.comb( 5 , 2 )",10
" A, B, C, D, E의 다섯 팀이 서로 한 번씩 시합을 가지려고 한다. 모두 몇 번의 시합을 해야 하는가?","math.comb( 5 , 2 )",10
"다섯 팀이 서로 한 번씩 시합을 가질 때, 모두 몇 번의 시합을 해야 하는가?","math.comb( 5 , 2 )",10
"어떤 대회에서 팀들이 서로 한 번씩 시합을 가지려고 한다. 다섯 팀이 참가했을 때, 모두 몇 번의 시합을 해야 하는가?","math.comb( 5 , 2 )",10
"유나네 교내 텃밭을 가꾸는데 감자, 고구마, 고추, 상추, 토마토, 가지 중에서 세 가지를 선택하여 심으려고 한다. 유나가 선택할 수 있는 경우의 수는?","math.comb( 6 , 3 )",20
"유나네 교내 텃밭을 감자, 고구마, 고추, 상추, 토마토, 가지 이용하여 가꾸려고 한다. 이 중에서 세 가지를 선택하여 심으려고 한다. 유나가 선택할 수 있는 경우의 수는?","math.comb( 6 , 3 )",20
"유나네 교내 텃밭에 세 가지를 심으려고 한다. 감자, 고구마, 고추, 상추, 토마토, 가지가 있을 때, 유나가 선택할 수 있는 경우의 수는?","math.comb( 6 , 3 )",20
"유나네 교내 텃밭에 세 가지의 작물을 심으려고 한다. 작물의 종류는 감자, 고구마, 고추, 상추, 토마토, 가지가 있다. 유나가 선택할 수 있는 경우의 수는?","math.comb( 6 , 3 )",20
"유나네 교내 텃밭에 세 가지의 작물을 심으려고 하는데, 작물의 종류는 감자, 고구마, 고추, 상추, 토마토, 가지가 있다고 한다. 유나가 선택할 수 있는 경우의 수는?","math.comb( 6 , 3 )",20
4개의 농구팀이 있다. 각 팀과 한 번씩 경기를 갖는 다면 시합은 몇 번 해야 하는가?,"math.comb( 4 , 2 )",6
"4개의 농구팀이 있는데, 각 팀과 한 번씩 경기를 갖는 다면 시합은 몇 번 해야 하는가?","math.comb( 4 , 2 )",6
"농구 경기에서 4개의 농구팀이 참여했다. 각 팀과 한 번씩 경기를 갖는 다면, 시합은 몇 번 해야 하는가?","math.comb( 4 , 2 )",6
"농구 경기에서 각 팀과 한 번씩 경기를 갖는다고 한다. 4개의 농구팀이 참여했다면, 시합은 몇 번 해야 하는가?","math.comb( 4 , 2 )",6
"농구 경기에서 각 팀과 한 번씩 경기를 갖는다고 할 때, 4개의 농구팀이 참여했다면, 시합은 몇 번 해야 하는가?","math.comb( 4 , 2 )",6
어떤 모임의 회원은 모두 6명이다. 각각의 회원이 다른 회원들과 한 번씩만 악수를 한다면 악수를 하는 횟수는?,"math.comb( 6 , 2 )",15
어떤 모임의 회원은 모두 6명이고 각각의 회원이 다른 회원들과 한 번씩만 악수를 한다면 악수를 하는 횟수는?,"math.comb( 6 , 2 )",15
어떤 모임의 각각의 회원이 다른 회원들과 한 번씩만 악수를 한려고 한다. 회원은 모두 6명이다. 악수를 하는 횟수는?,"math.comb( 6 , 2 )",15
"어떤 모임의 각각의 회원이 다른 회원들과 한 번씩만 악수를 한려고 할 때, 회원은 모두 6명이라고 한다. 악수를 하는 횟수는?","math.comb( 6 , 2 )",15
"어떤 모임의 각각의 회원이 다른 회원들과 한 번씩만 악수를 한려고 한다. 회원은 모두 6명일 때, 악수를 하는 횟수는?","math.comb( 6 , 2 )",15
"어느 인터넷 쇼핑몰에서 10만원 이상을 구입한 고객에게 사은품으로 6가지 물품 중 2가지를 준다고 한다. 물품 중 2가지를 선택할 때, 선택할 수 있는 경우의 수는?","math.comb( 6 , 2 )",15
어느 인터넷 쇼핑몰에서 10만원 이상을 구입한 고객에게 사은품으로 6가지 물품 중 2가지를 선택할 수 있게 해준다. 고객이 선택할 수 있는 경우의 수는?,"math.comb( 6 , 2 )",15
"어느 인터넷 쇼핑몰에서 10만원 이상을 구입한 고객에게 사은품으로 물품 2가지를 증정한다. 6가지 물품이 있다고 할 때, 고객이 선택할 수 있는 경우의 수는?","math.comb( 6 , 2 )",15
"어느 인터넷 쇼핑몰에서 10만원 이상을 구입한 고객에게 사은품으로 물품 2가지를 증정하는데, 6가지 물품이 있다고 할 때, 고객이 선택할 수 있는 경우의 수는?","math.comb( 6 , 2 )",15
"어느 인터넷 쇼핑몰에서 10만원 이상을 구입한 고객에게 사은품으로 물품 2가지를 증정하는데, 6가지 물품이 있다고 한다. 이때 고객이 선택할 수 있는 경우의 수는?","math.comb( 6 , 2 )",15
"빨강, 주황, 노랑, 초록, 파랑의 5가지 색 중에서 3가지의 색을 뽑는 경우의 수는?","math.comb( 5 , 3 )",10
"빨강, 주황, 노랑, 초록, 파랑의 5가지 색이 있다. 이 중 3가지의 색을 뽑는 경우의 수는?","math.comb( 5 , 3 )",10
"주어진 색 중에서 3가지 색을 뽑으려고 한다. 빨강, 주황, 노랑, 초록, 파랑의 5가지 색이 있다. 색을 뽑는 경우의 수는?","math.comb( 5 , 3 )",10
"주어진 색 중에서 3가지 색을 뽑으려고 할 때, 빨강, 주황, 노랑, 초록, 파랑의 5가지 색이 주어졌다고 하자. 색을 뽑는 경우의 수는?","math.comb( 5 , 3 )",10
"주어진 색 중에서 3가지 색을 뽑으려고 한다. 5가지 색이 주어질 때, 색을 뽑는 경우의 수는?","math.comb( 5 , 3 )",10
"서로 다른 88권의 공책이 있다. 그 중에서 87권의 공책을 사려고 할 때, 살 수 있는 방법의 수를 구하여라.","math.comb( 88 , 87 )",88
"서로 다른 88권의 공책이 있을 때,  87권의 공책을 사려고 한다. 살 수 있는 방법의 수를 구하여라.","math.comb( 88 , 87 )",88
서로 다른 88권의 공책이 있다. 그 중에서 87권의 공책을 사려고 한다. 살 수 있는 방법의 수를 구하여라.,"math.comb( 88 , 87 )",88
87권의 공책을 사려고 한다. 서로 다른 88권의 공책이 있다. 살 수 있는 방법의 수를 구하여라.,"math.comb( 88 , 87 )",88
"87권의 공책을 사려고 한다. 서로 다른 88권의 공책이 있다고 할 때, 살 수 있는 방법의 수를 구하여라.","math.comb( 88 , 87 )",88
11명의 학생들이 한 줄로 줄을 섰습니다. 지민이의 뒤에 3명의 학생들이 서 있습니다. 지민이의 앞에 서 있는 학생은 몇 명입니까?,( 11 - 3 - 1 ),7
"11명의 학생들이 한 줄로 줄을 섰을 때, 지민이의 뒤에 3명의 학생들이 서 있습니다. 지민이의 앞에 서 있는 학생은 몇 명입니까?",( 11 - 3 - 1 ),7
"11명의 학생들이 한 줄로 줄을 섰습니다. 지민이의 뒤에 3명의 학생들이 서 있다고 할 때, 지민이의 앞에 서 있는 학생은 몇 명입니까?",( 11 - 3 - 1 ),7
"지민이의 뒤에 3명의 학생들이 서 있습니다. 11명의 학생들이 한 줄로 줄을 서있다고 할 때, 지민이의 앞에 서 있는 학생은 몇 명입니까?",( 11 - 3 - 1 ),7
지민이의 뒤에 3명의 학생들이 서 있고 11명의 학생들이 한 줄로 줄을 섰습니다. 지민이의 앞에 서 있는 학생은 몇 명입니까?,( 11 - 3 - 1 ),7
키가 큰 사람부터 순서대로 4명이 한 줄로 서 있습니다. 남준이가 앞에서부터 3 번째에 서 있습니다. 키가 작은 사람부터 순서대로 다시 줄을 서면 남준이는 앞에서부터 몇 번째에 서게 됩니까?,4 + 1 - 3,2
"키가 큰 사람부터 순서대로 4명이 한 줄로 서 있는데, 남준이가 앞에서부터 3 번째에 서 있습니다. 키가 작은 사람부터 순서대로 다시 줄을 서면 남준이는 앞에서부터 몇 번째에 서게 됩니까?",4 + 1 - 3,2
"키가 큰 사람부터 순서대로 4명이 한 줄로 서 있는데, 키가 작은 사람부터 순서대로 다시 줄을 서려고 합니다. 처음에 남준이가 앞에서부터 3 번째에 서 있었을 때, 남준이는 앞에서부터 몇 번째에 서게 됩니까?",4 + 1 - 3,2
남준이가 앞에서부터 3 번째에 서 있고 키가 큰 사람부터 순서대로 4명이 한 줄로 섰습니다. 키가 작은 사람부터 순서대로 다시 줄을 서면 남준이는 앞에서부터 몇 번째에 서게 됩니까?,4 + 1 - 3,2
"남준이가 앞에서부터 3 번째에 서 있습니다. 키가 큰 사람부터 순서대로 4명이 한 줄로 섰다고 할 때, 키가 작은 사람부터 순서대로 다시 줄을 서면 남준이는 앞에서부터 몇 번째에 서게 됩니까?",4 + 1 - 3,2
정국이와 지민이가 은행에서 저금을 하기 위해 번호표를 뽑아서 기다리고 있습니다. 정국이가 가진 번호표는 374번이고 지민이가 가진 번호표는 369번입니다. 누가 나중에 저금을 할 수 있을까요?,'정국' if 374 > 369 else '지민',정국
"정국이와 지민이가 은행에서 저금을 하기 위해 번호표를 뽑아서 기다리고 있을 때, 정국이가 가진 번호표는 374번이고 지민이가 가진 번호표는 369번입니다. 누가 나중에 저금을 할 수 있을까요?",'정국' if 374 > 369 else '지민',정국
은행에서 정국이가 가진 번호표는 374번이고 지민이가 가진 번호표는 369번입니다. 누가 나중에 저금을 할 수 있을까요?,'정국' if 374 > 369 else '지민',정국
은행에서 정국이가 가진 번호표는 374번이고 지민이가 가진 번호표는 369번입니다. 누가 먼저 저금을 할 수 있을까요?,'정국' if 374 < 369 else '지민',지민
"은행에서 정국이가 374번 번호표를 가지고 있습니다. 지민이는 369번 번호표를 가지고 있다고 할 때, 누가 먼저 저금을 할 수 있을까요?",'정국' if 374 < 369 else '지민',지민
"줄넘기를 석진이는 132번, 태형이는 304번, 남준이는 228번 했습니다. 줄넘기를 가장 많이 한 사람은 누구인지 구하세요.",'석진' if 132 > 304 and 132 > 228 else '태형' if 304 > 132 and 304 > 228 else '남준',태형
"줄넘기를 가장 많이 한 사람은 누구인지 구하려고 합니다. 줄넘기를 석진이는 132번, 태형이는 304번, 남준이는 228번 했습니다. 가장 많이 한 사람은 누구인가요?",'석진' if 132 > 304 and 132 > 228 else '태형' if 304 > 132 and 304 > 228 else '남준',태형
"줄넘기를 석진이는 132번, 태형이는 304번, 남준이는 228번 했을 때. 줄넘기를 가장 많이 한 사람은 누구인지 구하세요.",'석진' if 132 > 304 and 132 > 228 else '태형' if 304 > 132 and 304 > 228 else '남준',태형
"줄넘기를 석진이는 132번, 태형이는 304번 했습니다. 줄넘기를 가장 많이 한 사람은 누구인지 구하세요.",석진' if 132 > 304 else '태형',태형
"줄넘기를 가장 많이 한 사람은 누구인지 구하려고 하는데, 석진이는 132번, 태형이는 304번, 남준이는 228번 했습니다. 가장 많이 한 사람은 누구인가요?",'석진' if 132 > 304 and 132 > 228 else '태형' if 304 > 132 and 304 > 228 else '남준',태형
"줄넘기를 석진이는 132번, 태형이는 304번, 남준이는 228번 했습니다. 줄넘기를 가장 적게 한 사람은 누구인지 구하세요.",'석진' if 132 < 304 and 132 < 228 else '태형' if 304 < 132 and 304 < 228 else '남준',석진
"줄넘기를 석진이는 132번, 태형이는 304번, 남준이는 228번 했을때, 줄넘기를 가장 적게 한 사람은 누구인지 구하세요.",'석진' if 132 < 304 and 132 < 228 else '태형' if 304 < 132 and 304 < 228 else '남준',석진
"줄넘기를 가장 적게 한 사람은 누구인지 구하려고 합니다. 줄넘기를 석진이는 132번, 태형이는 304번, 남준이는 228번 했습니다. 조건에 맞는 사람은 누구인가요?",'석진' if 132 < 304 and 132 < 228 else '태형' if 304 < 132 and 304 < 228 else '남준',석진
"줄넘기를 가장 적게 한 사람은 누구인지 구하려고 하는데, 석진이는 132번, 태형이는 304번, 남준이는 228번 했습니다. 조건에 맞는 사람은 누구인가요?",'석진' if 132 < 304 and 132 < 228 else '태형' if 304 < 132 and 304 < 228 else '남준',석진
"줄넘기를 가장 적게 한 사람은 누구인지 구하려고 합니다. 줄넘기를 석진이는 132번, 태형이는 304번, 남준이는 228번 했다고 할 때, 조건에 맞는 사람은 누구인가요?",'석진' if 132 < 304 and 132 < 228 else '태형' if 304 < 132 and 304 < 228 else '남준',석진
"3장의 수 카드 5, 2, 8을 한 번씩만 사용하여 가장 큰 세 자리 수를 만들어 보세요","[ 100 * i[0] + 10 * i[1] + i[2] for i in [ sorted( [ 5 , 2 , 8 ] ,reverse = True ) ] ][0]",852
"3장의 수 카드 5, 2, 8이 있습니다. 이 카드를 한 번씩만 사용하여 가장 큰 세 자리 수를 만들어 보세요","[ 100 * i[0] + 10 * i[1] + i[2] for i in [ sorted( [ 5 , 2 , 8 ] ,reverse = True ) ] ][0]",852
"3장의 수 카드를 이용해 가장 큰 세 자리 수를 만드려고 합니다. 수 카드가 5, 2, 8이 있을 때 만들어진 수는 몇 인가요?","[ 100 * i[0] + 10 * i[1] + i[2] for i in [ sorted( [ 5 , 2 , 8 ] ,reverse = True ) ] ][0]",852
"3장의 수 카드를 이용해 가장 큰 세 자리 수를 만드려고 하는데, 수 카드가 5, 2, 8이 있다고 합니다. 만들어진 수는 몇 인가요?","[ 100 * i[0] + 10 * i[1] + i[2] for i in [ sorted( [ 5 , 2 , 8 ] ,reverse = True ) ] ][0]",852
"수 카드 5, 2, 8을 한 번씩만 사용해 만들어진 수 중에서 가장 큰 수는?","[ 100 * i[0] + 10 * i[1] + i[2] for i in [ sorted( [ 5 , 2 , 8 ] ,reverse = True ) ] ][0]",852
"3장의 수 카드 6, 4, 7을 한 번씩만 사용하여 가장 작은 세 자리 수를 만들어 보세요.","[ 100 * i[0] + 10 * i[1] + i[2] for i in [ sorted( [ 6 , 4 , 7 ] ) ] ][0]",467
"3장의 수 카드 6, 4, 7가 있습니다. 이 카드들을 한 번씩만 사용하여 가장 작은 세 자리 수를 만들어 보세요.","[ 100 * i[0] + 10 * i[1] + i[2] for i in [ sorted( [ 6 , 4 , 7 ] ) ] ][0]",467
"3장의 수 카드를 이용해 가장 작은 세 자리 수를 만드려고 합니다. 수 카드가  6, 4, 7이 있을 때, 만들어진 수는 무엇입니까?","[ 100 * i[0] + 10 * i[1] + i[2] for i in [ sorted( [ 6 , 4 , 7 ] ) ] ][0]",467
"3장의 수 카드를 이용해 가장 작은 세 자리 수를 만드려고 하는데, 수 카드가  6, 4, 7이 있다고 합니다. 만들어진 수는 무엇입니까?","[ 100 * i[0] + 10 * i[1] + i[2] for i in [ sorted( [ 6 , 4 , 7 ] ) ] ][0]",467
"수 카드 6, 4, 7을 한 번씩만 사용해 만들어진 수 중 가장 작은 수는?","[ 100 * i[0] + 10 * i[1] + i[2] for i in [ sorted( [ 6 , 4 , 7 ] ) ] ][0]",467
"4장의 수 카드 9, 0, 5, 3 중에서 3장을 뽑아 한 번씩만 사용하여 세 자리 수를 만들려고 합니다. 가장 작은 세 자리 수는 무엇인가요?","[ 100 * i[0] + 10 * 0 + i[1] for i in [ sorted( [ 9 , 5 , 3 ] ) ] ] [0]",305
"4장의 수 카드 9, 0, 5, 3이 있습니다. 이 중에서 3장을 뽑아 한 번씩만 사용하여 세 자리 수를 만들려고 합니다. 가장 작은 세 자리 수는 무엇인가요?","[ 100 * i[0] + 10 * 0 + i[1] for i in [ sorted( [ 9 , 5 , 3 ] ) ] ] [0]",305
"4장의 수 카드 중 3장을 뽑아 세자리 수를 만들려고 합니다. 9, 0, 5, 3가 적힌 수카드를 한 번씩만 사용할 때, 가장 작은 세 자리 수는 무엇인가요?","[ 100 * i[0] + 10 * 0 + i[1] for i in [ sorted( [ 9 , 5 , 3 ] ) ] ] [0]",305
"4장의 수 카드 중 3장을 뽑아 세자리 수를 만들려고 하는데, 9, 0, 5, 3가 적힌 수 카드가 있습니다. 카드를 한 번씩만 사용할 때, 가장 작은 세 자리 수는 무엇인가요?","[ 100 * i[0] + 10 * 0 + i[1] for i in [ sorted( [ 9 , 5 , 3 ] ) ] ] [0]",305
"4장의 수 카드 9, 0, 5, 3 중에서 3장을 뽑아 한 번씩만 사용하여 만든 가장 작은 세 자리 수는 무엇인가요?","[ 100 * i[0] + 10 * 0 + i[1] for i in [ sorted( [ 9 , 5 , 3 ] ) ] ] [0]",305
"태형이네 학교에는 남학생이 253명, 여학생이 256명 있습니다. 남학생과 여학생 중에서 어느 학생이 더 많은지 구하세요.",'남학생' if 253 > 256 else '여학생',여학생
"태형이네 학교에는 남학생이 253명, 여학생이 256명 있을 때, 남학생과 여학생 중에서 어느 학생이 더 많은지 구하세요.",'남학생' if 253 > 256 else '여학생',여학생
"태형이네 학교에 남학생과 여학생 중 어느 학생이 더 많은지 구하려고 합니다. 남학생이 253명, 여학생이 256명 있습니다. 더 많은 쪽은 무엇입니까?",'남학생' if 253 > 256 else '여학생',여학생
"태형이네 학교에 남학생과 여학생 중 어느 학생이 더 많은지 구하려고 하는데, 남학생이 253명, 여학생이 256명 있다고 합니다. 더 많은 쪽은 무엇입니까?",'남학생' if 253 > 256 else '여학생',여학생
"태형이네 학교에는 남학생이 253명, 여학생이 256명 있을 때, 여학생이 남학생보다 몇 명 더 많은지 구하시오.",( 256 - 253 ),3
"태형이네 학교에는 남학생이 253명, 여학생이 256명 있습니다. 남학생과 여학생 중에서 어느 학생이 더 적은지 구하세요.",'남학생' if 253 < 256 else '여학생',남학생
"태형이네 학교에는 남학생이 253명, 여학생이 256명 있을 때, 남학생과 여학생 중에서 어느 학생이 더 적은지 구하세요.",'남학생' if 253 < 256 else '여학생',남학생
"태형이네 학교에 남학생과 여학생 중 어느 학생이 더 적은지 구하려고 합니다. 남학생이 253명, 여학생이 256명 있습니다. 더 적은 쪽은 무엇입니까?",'남학생' if 253 < 256 else '여학생',남학생
"태형이네 학교에 남학생과 여학생 중 어느 학생이 더 적은지 구하려고 하는데, 남학생이 253명, 여학생이 256명 있다고 합니다. 더 적은 쪽은 무엇입니까?",'남학생' if 253 < 256 else '여학생',남학생
"태형이네 학교에는 남학생이 253명, 여학생이 256명 있을 때, 남학생이 여학생보다 몇 명 더 적은지 구하시오.",( 256 - 253 ),3
"음식점에 들어가기 위해 번호표를 받아서 기다리고 있습니다. 남준이는 380번, 윤기는 374번, 호석이는 401번을 받았다면 가장 먼저 들어갈 수 있는 사람은 누구일까요?",'남준' if 380 < 374 and 380 < 401 else '윤기' if 374 < 380 and 374 < 401 else '호석',윤기
"음식점에서 남준이는 380번, 윤기는 374번, 호석이는 401번을 받았다면 가장 먼저 들어갈 수 있는 사람은 누구일까요?",'남준' if 380 < 374 and 380 < 401 else '윤기' if 374 < 380 and 374 < 401 else '호석',윤기
"음식점에서 남준이, 윤기, 호석이가 각각 380번, 374번, 401번을 받았다면 가장 먼저 들어갈 수 있는 사람은 누구일까요?",'남준' if 380 < 374 and 380 < 401 else '윤기' if 374 < 380 and 374 < 401 else '호석',윤기
"음식점에 들어가기 위해 번호표를 받아서 기다리고 있을 때, 남준이는 380번을 받았습니다. 그리고 윤기는 374번, 호석이는 401번을 받았다면 가장 먼저 들어갈 수 있는 사람은 누구일까요?",'남준' if 380 < 374 and 380 < 401 else '윤기' if 374 < 380 and 374 < 401 else '호석',윤기
"음식점에 들어가기 위해 번호표를 받아서 기다리고 있을 때, 남준이는 380번을 받았습니다. 그리고 윤기와 호석이가 각각 374번, 401번을 받았다면 가장 먼저 들어갈 수 있는 사람은 누구일까요?",'남준' if 380 < 374 and 380 < 401 else '윤기' if 374 < 380 and 374 < 401 else '호석',윤기
"음식점에 들어가기 위해 번호표를 받아서 기다리고 있습니다. 남준이는 380번, 윤기는 374번, 호석이는 401번을 받았다면 가장 나중에 들어갈 수 있는 사람은 누구일까요?",'남준' if 380 > 374 and 380 > 401 else '윤기' if 374 > 380 and 374 > 401 else '호석',호석
"음식점에 들어가기 위해 번호표를 받아서 기다리고 있을 때, 남준이는 380번, 윤기는 374번, 호석이는 401번을 받았다면 가장 나중에 들어갈 수 있는 사람은 누구일까요?",'남준' if 380 > 374 and 380 > 401 else '윤기' if 374 > 380 and 374 > 401 else '호석',호석
"음식점에 들어가기 위해 번호표를 받아서 기다리고 있습니다. 남준이, 윤기, 호석이가 각각 380번, 374번, 401번을 받았다면 가장 나중에 들어갈 수 있는 사람은 누구일까요?",'남준' if 380 > 374 and 380 > 401 else '윤기' if 374 > 380 and 374 > 401 else '호석',호석
"음식점 앞에서 기다리는데 남준이, 윤기, 호석이가 각각 380번, 374번, 401번을 받았다면 가장 나중에 들어갈 수 있는 사람은 누구일까요?",'남준' if 380 > 374 and 380 > 401 else '윤기' if 374 > 380 and 374 > 401 else '호석',호석
"음식점 앞에서 기다리는데 남준이는 380번, 윤기는 374번, 호석이는 401번을 받았다면 가장 나중에 들어갈 수 있는 사람은 누구일까요?",'남준' if 380 > 374 and 380 > 401 else '윤기' if 374 > 380 and 374 > 401 else '호석',호석
탁구공이 150개 들어 있는 상자에 탁구공을 10개씩 4번 넣었습니다. 상자에 들어 있는 탁구공은 모두 몇 개인지 구하세요.,150 + 10 * 4,190
탁구공이 150개 들어 있는 상자가 있습니다. 이 상자에 탁구공을 10개씩 4번 넣었습니다. 상자에 들어 있는 탁구공은 모두 몇 개인지 구하세요.,150 + 10 * 4,190
"탁구공이 150개 들어 있는 상자가 있습니다. 이 상자에 탁구공을 10개씩 4번 넣었다고 할 때, 상자에 들어 있는 탁구공은 모두 몇 개인지 구하세요.",150 + 10 * 4,190
상자에 탁구공을 10개씩 4번 넣었습니다. 상자에 원래 150개의 탁구공이 들어있었습니다. 상자에 들어 있는 탁구공은 모두 몇 개인지 구하세요.,150 + 10 * 4,190
"상자에 탁구공을 10개씩 4번 넣었습니다. 상자에 원래 150개의 탁구공이 들어있었다고 할 때, 상자에 들어 있는 탁구공은 모두 몇 개인지 구하세요.",150 + 10 * 4,190
화단에 나비가 18마리 있었습니다. 잠시 후 4마리가 더 날아왔습니다. 화단에 있는 나비는 모두 몇 마리일까요?,18 + 4,22
"화단에 나비가 4마리가 날아왔습니다. 원래 18마리 있었다고 할 때, 화단에 있는 나비는 모두 몇 마리일까요?",4 + 18,22
"화단에 나비가 18마리 있었는데, 잠시 후 4마리가 더 날아왔습니다. 화단에 있는 나비는 모두 몇 마리일까요?",18 + 4,22
"화단에 나비가 18마리 있었습니다. 잠시 후 4마리가 더 날아왔을 때, 화단에 있는 나비는 모두 몇 마리일까요?",18 + 4,22
화단에 나비가 4마리가 날아왔습니다. 원래 18마리 있었다고 합니다. 화단에 있는 나비는 모두 몇 마리일까요?,4 + 18,22
화단에 나비가 18마리 있었습니다. 잠시 후 4마리가 다른 곳으로 날아갔습니다. 화단에 있는 나비는 모두 몇 마리일까요?,( 18 - 4 ),14
"화단에 나비가 18마리 있었는데, 잠시 후 4마리가 다른 곳으로 날아갔습니다. 화단에 있는 나비는 모두 몇 마리일까요?",( 18 - 4 ),14
"화단에 나비가 18마리 있었습니다. 잠시 후 4마리가 다른 곳으로 날아갔을 때, 화단에 있는 나비는 모두 몇 마리일까요?",( 18 - 4 ),14
화단에 나비가 4마리가 다른 곳으로 날아갔습니다. 원래 나비가 18마리 있었습니다. 화단에 있는 나비는 모두 몇 마리일까요?,( - 4 + 18 ),14
"화단에 나비가 4마리가 다른 곳으로 날아갔습니다. 원래 나비가 18마리 있었다고 할 때, 화단에 있는 나비는 모두 몇 마리일까요?",( - 4 + 18 ),14
"밭에서 윤기는 토마토를 49개, 석진이는 35개 땄습니다. 윤기와 석진이가 딴 토마토는 모두 몇 개일까요?",49 + 35,84
"밭에서 윤기는 토마토를 49개를 땄습니다. 석진이는 35개를 땄다고 할 때, 윤기와 석진이가 딴 토마토는 모두 몇 개일까요?",49 + 35,84
"밭에서 토마토를 윤기와 석진이가 각각 49개, 35개를 땄습니다. 윤기와 석진이가 딴 토마토는 모두 몇 개일까요?",49 + 35,84
"밭에서 토마토를 윤기와 석진이가 각각 49개, 35개를 땄다고 할 때, 윤기와 석진이가 딴 토마토는 모두 몇 개일까요?",49 + 35,84
"밭에서 윤기와 석진이가 토마토를 땄습니다. 이 둘이 각각 49개, 35개씩을 땄다고 할 때, 윤기와 석진이가 딴 토마토는 모두 몇 개일까요?",49 + 35,84
동물원에 사슴이 37마리 있었습니다. 잠시 후 사슴 19마리가 더 왔습니다. 동물원에 있는 사슴은 모두 몇 마리일까요?,37 + 19,56
"동물원에 사슴이 37마리 있었는데, 잠시 후 사슴 19마리가 더 왔습니다. 동물원에 있는 사슴은 모두 몇 마리일까요?",37 + 19,56
동물원에 사슴이 19마리가 왔습니다. 원래 사슴이 37마리 있었습니다. 동물원에 있는 사슴은 모두 몇 마리일까요?,19 + 37,56
"동물원에 사슴이 37마리 있었습니다. 잠시 후 사슴 19마리가 더 왔다고 할 때, 동물원에 있는 사슴은 모두 몇 마리일까요?",37 + 19,56
"동물원에 사슴이 19마리가 왔는데, 원래 사슴이 37마리 있었다고 합니다. 동물원에 있는 사슴은 모두 몇 마리일까요?",19 + 37,56
"민영이의 책장에는 그림책이 75권, 위인전이 54권 꽂혀 있습니다. 민영이의 책장에 꽂혀 있는 그림책과 위인전은 모두 몇 권일까요?",75 + 54,129
"민영이의 책장에는 그림책이 75권, 위인전이 54권 꽂혀 있을 때, 민영이의 책장에 꽂혀 있는 그림책과 위인전은 모두 몇 권일까요?",75 + 54,129
"민영이의 책장에는 그림책과 위인전이 각각 75권, 54권이 있습니다. 그림책과 위인전은 모두 몇 권일까요?",75 + 54,129
"민영이의 책장에는 그림책과 위인전이 각각 75권, 54권 있을 때, 그림책과 위인전은 모두 몇 권일까요?",75 + 54,129
"민영이의 책장에는 그림책이 75권, 위인전이 54권 꽂혀 있습니다. 민영이의 책장에 꽂혀 있는 그림책은 위인전보다 몇 권 더 많나요?",75 - 54,21
"유나는 줄넘기를 어제는 84번 하였고, 오늘은 79번 하였습니다. 유나는 어제와 오늘 줄넘기를 모두 몇 번 하였을까요?",84 + 79,163
"유나는 줄넘기를 어제는 84번 하였습니다. 오늘 79번 하였을 때, 유나는 어제와 오늘 줄넘기를 모두 몇 번 하였을까요?",84 + 79,163
유나는 줄넘기를 어제는 84번 하였습니다. 오늘은 79번 하였습니다. 유나는 어제와 오늘 줄넘기를 모두 몇 번 하였을까요?,84 + 79,163
유나는 줄넘기를 오늘은 79번 하였고 어제는 84번 하였습니다. 유나는 어제와 오늘 줄넘기를 모두 몇 번 하였을까요?,79 + 84,163
"유나는 줄넘기를 오늘은 79번 하였습니다. 어제는 84번 하였을 때, 유나는 어제와 오늘 줄넘기를 모두 몇 번 하였을까요?",79 + 84,163
"닭장에 암탉이 60마리, 수탉이 7마리 있습니다. 암탉은 수탉보다 몇 마리 더 많을까요?",abs( 60 - 7 ),53
"닭장에 수탉이 7마리, 암탉이 60마리 있습니다. 암탉은 수탉보다 몇 마리 더 많을까요?",abs( 7 - 60 ),53
"닭장에 암탉이 60마리, 수탉이 7마리 있다고 할 때, 암탉은 수탉보다 몇 마리 더 많을까요?",abs( 60 - 7 ),53
닭장에 암탉이 60마리 있습니다. 수탉은 7마리 있습니다. 암탉은 수탉보다 몇 마리 더 많을까요?,abs( 60 - 7 ),53
"닭장에 암탉이 60마리 있습니다. 수탉은 7마리가 있다고 할 때, 암탉은 수탉보다 몇 마리 더 많을까요?",abs( 60 - 7 ),53
마당에 참새가 40마리 있었습니다. 잠시 후 16마리가 날아갔습니다. 마당에 남아있는 참새는 몇 마리일까요?,40 - 16,24
마당에 참새가 40마리 있었는데 잠시 후 16마리가 날아갔습니다. 마당에 남아있는 참새는 몇 마리일까요?,40 - 16,24
"마당에 참새가 40마리 있었습니다. 잠시 후 16마리가 날아갔을 때, 마당에 남아있는 참새는 몇 마리일까요?",40 - 16,24
마당에 참새가 16마리가 날아갔습니다. 원래는 40마리 있었습니다. 마당에 남아있는 참새는 몇 마리일까요?,40 - 16,24
"마당에 참새가 16마리가 날아갔습니다. 원래는 40마리 있었다고 할 때, 마당에 남아있는 참새는 몇 마리일까요?",40 - 16,24
82보다 35 작은 수는 얼마일까요?,82 - 35,47
82보다 35 큰 수는 얼마일까요?,82 + 35,117
82보다 35 작은 수에서 1 큰 수는 얼마일까요?,82 - 35 + 1,48
82보다 35 작은 수에서 1 작은 수는 얼마일까요?,82 - 35 - 1,46
82보다 35 큰 수에서 1 작은 수는 얼마일까요?,82 + 35 -1,116
"전자 제품 가게에서 컴퓨터를 지난달에는 46대, 이번 달에는 71대 팔았습니다. 이번 달에는 지난달보다 컴퓨터를 몇 대 더 많이 팔았을까요?",abs( 46 - 71 ),25
"전자 제품 가게에서 컴퓨터를 지난달에는 46대, 이번 달에는 71대 팔았다고 할 때, 이번 달에는 지난달보다 컴퓨터를 몇 대 더 많이 팔았을까요?",abs( 46 - 71 ),25
"전자 제품 가게에서 컴퓨터를 지난달에는 46대를 팔았습니다. 이번 달에는 71대 팔았다고 할 때, 이번 달에는 지난달보다 컴퓨터를 몇 대 더 많이 팔았을까요?",abs( 46 - 71 ),25
"전자 제품 가게에서 컴퓨터를 이번 달에는 71대 팔았습니다. 지난달에는 46대를 팔았을 때, 이번 달에는 지난달보다 컴퓨터를 몇 대 더 많이 팔았을까요?",abs( 71 - 46 ),25
"전자 제품 가게에서 컴퓨터를 이번 달에는 71대 팔고 지난달에는 46대를 팔았을 때, 이번 달에는 지난달보다 컴퓨터를 몇 대 더 많이 팔았을까요?",abs( 71 - 46 ),25
냉장고에 달걀이 있었습니다. 시장에서 달걀 13개를 사왔더니 달걀이 모두 30개가 되었습니다. 처음 냉장고에 있던 달걀은 몇 개인가요?,30 - 13,17
시장에서 달걀 13개를 사왔더니 냉장고에 달걀이 모두 30개가 되었습니다. 처음 냉장고에 있던 달걀은 몇 개인가요?,30 - 13,17
시장에서 달걀 13개를 사왔습니다. 냉장고에 있는 달걀이 모두 30개가 되었습니다. 처음 냉장고에 있던 달걀은 몇 개인가요?,30 - 13,17
"시장에서 사온 달걀을 냉장고에 넣었더니 30개가 되었습니다. 시장에서 달걀 13개를 사왔을 때, 처음 냉장고에 있던 달걀은 몇 개인가요?",30 - 13,17
시장에서 사온 달걀을 냉장고에 넣었더니 30개가 되었습니다. 시장에서 달걀 13개를 사왔습니다. 처음 냉장고에 있던 달걀은 몇 개인가요?,30 - 13,17
구슬이 24개 있었습니다. 그중에서 팔찌를 만드는 데 몇 개를 사용하였더니 9개가 남았습니다. 팔찌를 만드는 데 사용한 구슬은 몇 개인가요?,( 24 - 9 ),15
구슬이 24개를 팔찌를 만드는 데 몇 개를 사용하였더니 9개가 남았습니다. 팔찌를 만드는 데 사용한 구슬은 몇 개인가요?,( 24 - 9 ),15
"구슬이 24개 있었습니다. 그중에서 팔찌를 만드는 데 몇 개를 사용하였더니 9개가 남았다면, 팔찌를 만드는 데 사용한 구슬은 몇 개인가요?",( 24 - 9 ),15
"구슬이 24개 있었습니다. 구슬 팔찌를 만들고 9개가 남았다면, 팔찌를 만드는 데 사용한 구슬은 몇 개인가요?",( 24 - 9 ),15
"구슬을 팔찌를 만드는 데 몇 개를 사용하였더니 9개가 남았습니다. 구슬이 원래 24개가 있었다면, 팔찌를 만드는 데 사용한 구슬은 몇 개인가요?",( 24 - 9 ),15
"코끼리 열차에 40명이 타고 있었습니다. 놀이공원에서 16명이 내리고, 동물원에서 9명이 탔습니다. 지금 코끼리 열차에 타고 있는 사람은 몇 명일가요?",40 - 16 + 9,23
"코끼리 열차에 40명이 타고 있었는데, 놀이공원에서 16명이 내리고, 동물원에서 9명이 탔습니다. 지금 코끼리 열차에 타고 있는 사람은 몇 명일가요?",40 - 16 + 9,23
"코끼리 열차에 40명이 타고 있었습니다. 놀이공원에서 16명이 내렸습니다. 동물원에서 9명이 탔다면, 지금 코끼리 열차에 타고 있는 사람은 몇 명일가요?",40 - 16 + 9,23
"코끼리 열차에 40명이 타고 놀이공원에서 16명이 내렸습니다. 동물원에서 9명이 탔다면, 지금 코끼리 열차에 타고 있는 사람은 몇 명일가요?",40 - 16 + 9,23
"코끼리 열차에 놀이공원에서 16명이 내리고 동물원에서 9명이 탔습니다. 원래 40명이 타고 있었다면, 지금 코끼리 열차에 타고 있는 사람은 몇 명일가요?",( - 16 + 9 + 40 ),23
"빨간 공이 18개, 파란 공이 23개 있습니다. 노란 공이 빨간 공과 파란 공을 합한 것보다 5개 적다면 노란 공은 몇 개일까요?",18 + 23 - 5,36
"빨간 공이 18개, 파란 공이 23개 있을 때, 노란 공이 빨간 공과 파란 공을 합한 것보다 5개 적다고 합니다. 노란 공은 몇 개일까요?",18 + 23 - 5,36
"빨간 공이 18개, 파란 공이 23개 있고, 노란 공은 빨간 공과 파란 공을 합한 것보다 5개 적다면 노란 공은 몇 개일까요?",18 + 23 - 5,36
"노란 공은 빨간 공과 파란 공을 합한 것보다 5개 적습니다. 빨간 공이 18개, 파란 공이 23개 있다고 할 때, 노란 공은 몇 개일까요?",18 + 23 - 5,36
"노란 공은 빨간 공과 파란 공을 합한 것보다 5개 적은데, 빨간 공이 18개, 파란 공이 23개 있습니다. 노란 공은 몇 개일까요?",18 + 23 - 5,36
"수 카드 5, 8, 2, 4를 한 번씩 사용하여 두 자리 수를 만들려고 합니다. 만들 수 있는 수 중에서 가장 큰 수와 가장 작은 수의 합을 구하세요.","[ 100 * i[0] + 10 * i[1] + i[2] for i in [ sorted( [ 5 , 8 , 2 , 4 ] , reverse = True ) ] ] [0] + [ 100 * i[0] + 10 * i[1] + i[2] for i in [ sorted( [ 5 , 8 , 2 , 4 ] ) ] ] [0]",1099
"수 카드 5, 8, 2, 4를 한 번씩 사용하여 두 자리 수를 만들 때, 만들 수 있는 수 중에서 가장 큰 수와 가장 작은 수의 합을 구하세요.","[ 100 * i[0] + 10 * i[1] + i[2] for i in [ sorted( [ 5 , 8 , 2 , 4 ] , reverse = True ) ] ] [0] + [ 100 * i[0] + 10 * i[1] + i[2] for i in [ sorted( [ 5 , 8 , 2 , 4 ] ) ] ] [0]",1099
"수 카드 5, 8, 2, 4가 있습니다. 이 카드를 한 번씩 사용하여 두 자리 수를 만들 때, 만들 수 있는 수 중에서 가장 큰 수와 가장 작은 수의 합을 구하세요.","[ 100 * i[0] + 10 * i[1] + i[2] for i in [ sorted( [ 5 , 8 , 2 , 4 ] , reverse = True ) ] ] [0] + [ 100 * i[0] + 10 * i[1] + i[2] for i in [ sorted( [ 5 , 8 , 2 , 4 ] ) ] ] [0]",1099
"수 카드 5, 8, 2, 4가 있습니다. 이 카드를 한 번씩 사용하여 두 자리 수를 만들려고 합니다. 만들 수 있는 수 중에서 가장 큰 수와 가장 작은 수의 합을 구하세요.","[ 100 * i[0] + 10 * i[1] + i[2] for i in [ sorted( [ 5 , 8 , 2 , 4 ] , reverse = True ) ] ] [0] + [ 100 * i[0] + 10 * i[1] + i[2] for i in [ sorted( [ 5 , 8 , 2 , 4 ] ) ] ] [0]",1099
"수 카드를 한 번씩 사용하여 두 자리 수를 만들려고 합니다. 수 카드 5, 8, 2, 4가 있을 때, 만들 수 있는 수 중에서 가장 큰 수와 가장 작은 수의 합을 구하세요.","[ 100 * i[0] + 10 * i[1] + i[2] for i in [ sorted( [ 5 , 8 , 2 , 4 ] , reverse = True ) ] ] [0] + [ 100 * i[0] + 10 * i[1] + i[2] for i in [ sorted( [ 5 , 8 , 2 , 4 ] ) ] ] [0]",1099
어떤 수에 24를 더하면 81과 같습니다. 어떤 수보다 16 큰 수는 얼마일까요?,81 - 24 + 16,73
"어떤 수에 24를 더하면 81과 같을 때, 어떤 수보다 16 큰 수는 얼마일까요?",81 - 24 + 16,73
"어떤 수보다 16 큰 수를 구하려고 합니다. 어떤 수에 24를 더하면 81과 같을 때, 구하려고 하는 값은 얼마일까요?",81 - 24 + 16,73
"어떤 수보다 16 큰 수를 구하려고 하는데, 어떤 수에 24를 더하면 81과 같다고 합니다. 구하려고 하는 값은 얼마일까요?",81 - 24 + 16,73
"어떤 수에 24를 더하면 81과 같을 때, 어떤 수는 얼마일까요?",81 - 24,57
54에 어떤 수를 더할 것을 잘못하여 뺐더니 17이 되었습니다. 바르게 계산하면 얼마일까요?,54 + ( 54 - 17 ),91
"54에 어떤 수를 더할 것을 잘못하여 뺐더니 17이라고 할 때, 바르게 계산하면 얼마일까요?",54 + ( 54 - 17 ),91
"54에 어떤 수를 뺄 것을 잘못하여 더했더니 17이라고 할 때, 바르게 계산하면 얼마일까요?",54 - ( 54 + 17 ),-17
54에 어떤 수를 뺄 것을 잘못하여 더했더니 17이라고 한다. 바르게 계산하면 얼마일까요?,54 + ( 54 - 17 ),-17
"54에 어떤 수를 더할 것을 잘못하여 뺐더니 17이라고 할 때, 어떤 수를 구하시오.",54 - 17,37
어떤 수에 18을 더할 것을 잘못하여 뺐더니 35가 되었습니다. 바르게 계산하면 얼마일까요?,35 + 18 + 18,71
"어떤 수에 18을 더할 것을 잘못하여 뺐더니 35가 되었다고 할 때, 바르게 계산하면 얼마일까요?",35 + 18 + 18,71
"어떤 수에 18을 더할 것을 잘못하여 뺐더니 35가 되었을 때, 바르게 계산하면 얼마일까요?",35 + 18 + 18,71
어떤 수에 18을 더할 것을 잘못하여 뺐더니 35가 되었습니다. 어떤수에 18을 더한 값은 무엇입니까?,35 + 18 + 18,71
"어떤 수에 18을 더할 것을 잘못하여 뺐더니 35가 되었을 때, 어떤수에 18을 더한 값은 무엇입니까?",35 + 18 + 18,71
어떤 수에서 19를 뺄 것을 잘못하여 더했더니 50이 되었습니다. 바르게 계산하면 얼마일까요?,50 - 19 - 19,12
"어떤 수에서 19를 뺄 것을 잘못하여 더했더니 50이 되었을 때, 바르게 계산하면 얼마일까요?",50 - 19 - 19,12
"어떤 수에서 19를 뺄 것을 잘못하여 더했더니 50이라고 할 때, 바르게 계산하면 얼마일까요?",50 - 19 - 19,12
"어떤 수에서 19를 뺄 것을 잘못하여 더했더니 50이라고 할 때, 어떤 수에서 19를 뺀 값은 얼마일까요?",50 - 19 - 19,12
어떤 수에서 19를 뺄 것을 잘못하여 더했더니 50이 되었습니다. 어떤 수에서 19를 뺀 값은 얼마일까요?,50 - 19 - 19,12
"태형이네 집에 호두가 76개, 땅콩이 58개 있습니다. 호두가 땅콩보다 몇 개 더 많은 지 구하세요.",abs( 76 - 58 ),18
"태형이네 집에 호두가 76개, 땅콩이 58개 있다고 할 때, 호두가 땅콩보다 몇 개 더 많은 지 구하세요.",abs( 76 - 58 ),18
"태형이네 집에 호두와 땅콩이 각각 76개, 58개 있습니다. 호두가 땅콩보다 몇 개 더 많은 지 구하세요.",abs( 76 - 58 ),18
"태형이네 집에 호두와 땅콩이 각각 76개, 58개 있다고 할 때, 호두가 땅콩보다 몇 개 더 많은 지 구하세요.",abs( 76 - 58 ),18
"태형이네 집에 호두와 땅콩이 각각 76개, 58개 있다고 할 때,땅콩이 호두보다 몇 개 더 적은 지 구하세요.",abs( 76 - 58 ),18
호석이는 체리 21개 중에서 5개를 먹었습니다. 남은 체리는 몇 개일까요?,( 21 - 5 ),16
"호석이는 체리 21개 중에서 5개를 먹었을 때, 남은 체리는 몇 개일까요?",( 21 - 5 ),16
체리 21개가 있습니다. 호석이는 이 중에서 5개를 먹었습니다. 남은 체리는 몇 개일까요?,( 21 - 5 ),16
"체리 21개가 있습니다. 호석이는 이 중에서 5개를 먹었다고 할 때, 남은 체리는 몇 개일까요?",( 21 - 5 ),16
"체리 21개가 있는데, 호석이는 이 중에서 5개를 먹었습니다. 남은 체리는 몇 개일까요?",( 21 - 5 ),16
"버스가 28명의 사람을 태우고 출발하였습니다. 첫 번째 정류장에서 7명이 타고, 두 번째 정류장에서 18명이 내렸다면 버스에 타고 있는 사람은 몇 명일까요?",28 + 7 - 18,17
"버스가 28명의 사람을 태우고 출발하였는데, 첫 번째 정류장에서 7명이 타고, 두 번째 정류장에서 18명이 내렸다면 버스에 타고 있는 사람은 몇 명일까요?",28 + 7 - 18,17
버스가 28명의 사람을 태우고 출발하였습니다. 첫 번째 정류장에서 7명이 탔습니다. 두 번째 정류장에서 18명이 내렸다면 버스에 타고 있는 사람은 몇 명일까요?,28 + 7 - 18,17
"버스가 28명의 사람을 태우고 출발하였는데, 첫 번째 정류장에서 7명이 탔습니다. 두 번째 정류장에서 18명이 내렸다면 버스에 타고 있는 사람은 몇 명일까요?",28 + 7 - 18,17
"버스가 28명의 사람을 태우고 출발하였는데, 첫 번째 정류장에서 7명이 타고, 두 번째 정류장에서 18명이 내렸습니다. 현재 버스에 타고 있는 사람은 몇 명일까요?",28 + 7 - 18,17
태형이는 딱지 31장을 가지고 있었습니다. 그중에서 동생에게 몇 장을 주었더니 13장이 되었습니다. 동생에게 준 딱지는 몇 장인지 구하세요.,31 - 13,18
태형이는 딱지 31장을 가지고 있었는데 그중에서 동생에게 몇 장을 주었더니 13장이 되었습니다. 동생에게 준 딱지는 몇 장인지 구하세요.,31 - 13,18
"태형이는 딱지 31장을 가지고 있었습니다. 그중에서 동생에게 몇 장을 주었더니 13장이 되었을 때, 동생에게 준 딱지는 몇 장인지 구하세요.",31 - 13,18
태형이는 딱지를 동생에게 몇 장 주었더니 13장이 되었습니다. 원래 31장을 가지고 있었습니다. 동생에게 준 딱지는 몇 장인지 구하세요.,31 - 13,18
"태형이는 딱지를 동생에게 몇 장 주었더니 13장이 되었습니다. 원래 31장을 가지고 있었을 때, 동생에게 준 딱지는 몇 장인지 구하세요.",31 - 13,18
어떤 수에 18을 더할 것을 잘못하여 뺐더니 56이 되었습니다. 바르게 계산하면 얼마인지 구하세요.,56 + 18 + 18,92
"어떤 수에 18을 더할 것을 잘못하여 뺐더니 56이 되었을 때, 바르게 계산하면 얼마인지 구하세요.",56 + 18 + 18,92
"어떤 수에 18을 더할 것을 잘못하여 뺐더니 56이라고 할 때, 바르게 계산하면 얼마인지 구하세요.",56 + 18 + 18,92
"어떤 수에 18을 더할 것을 잘못하여 뺐더니 56이 되었을 때, 어떤 수에서 18을 더한 값을 구하세요.",56 + 18 + 18,92
어떤 수에 18을 더할 것을 잘못하여 뺐더니 56이 되었습니다. 어떤 수에서 18을 더한 값을 구하세요.,56 + 18 + 18,92
"십의 자리 숫자가 4, 일의 자리 숫자가 6인 두 자리 수보다 9 작은 수는 얼마입니까?",10 * 4 + 6 - 9,37
"십의 자리 숫자가 4, 일의 자리 숫자가 6인 두 자리 수가 있습니다. 이 수 보다 9 작은 수는 얼마입니까?",10 * 4 + 6 - 9,37
"십의 자리 숫자가 4, 일의 자리 숫자가 6인 두 자리 수가 있을 때, 이 수 보다 9 작은 수는 얼마입니까?",10 * 4 + 6 - 9,37
"어떤 수보다 9 작은 수를 구하려고 합니다. 어떤 수가 십의 자리 숫자가 4, 일의 자리 숫자가 6인 두 자리 수라고 합니다. 구하고자 하는 값은 얼마입니까?",10 * 4 + 6 - 9,37
"어떤 수보다 9 작은 수를 구하려고 합니다. 어떤 수가 십의 자리 숫자가 4, 일의 자리 숫자가 6인 두 자리 수라고 할 때, 구하고자 하는 값은 얼마입니까?",10 * 4 + 6 - 9,37
학급 문고에 책이 98권 있었습니다. 그중에서 학생들이 몇 권을 빌려 갔더니 학급 문고에 남아 있는 책은 29권 이었습니다. 학생들이 빌려 간 책은 몇 권인지 쓰세요.,98 - 29,69
학급 문고에 책이 98권 있었는데 그중에서 학생들이 몇 권을 빌려 갔더니 학급 문고에 남아 있는 책은 29권 이었습니다. 학생들이 빌려 간 책은 몇 권인지 쓰세요.,98 - 29,69
학급 문고에 책이 98권 있었는데 그중에서 학생들이 몇 권을 빌려 갔습니다. 문고에 남아 있는 책은 29권 이었습니다. 학생들이 빌려 간 책은 몇 권인지 쓰세요.,98 - 29,69
"학급 문고에 책이 98권 있었는데 그중에서 학생들이 몇 권을 빌려 갔습니다. 문고에 남아 있는 책은 29권일 때, 학생들이 빌려 간 책은 몇 권인지 쓰세요.",98 - 29,69
"학급 문고에 책이 98권 있습니다. 그중에서 학생들이 몇 권을 빌려 갔습니다. 문고에 남아 있는 책은 29권일 때, 학생들이 빌려 간 책은 몇 권인지 쓰세요.",98 - 29,69
"8+A=54, 63-B=19일때 A+B를 구하시오.",54 - 8 + 63 - 19,90
"8+A=54, 63-B=19라고 합니다. A+B를 구하시오.",54 - 8 + 63 - 19,90
8+A=54 입니다. 63-B=19라고 합니다. A+B를 구하시오.,54 - 8 + 63 - 19,90
"8+A=54 입니다. 63-B=19라고 할 때, A+B를 구하시오.",54 - 8 + 63 - 19,90
"8+A=54 이고, 63-B=19라고 할 때, A+B를 구하시오.",54 - 8 + 63 - 19,90
지민이가 책상의 짧은 쪽의 길이를 뼘으로 재었더니 3뼘이었습니다. 한 뼘의 길이가 약 11 cm라면 책상의 짧은 쪽의 길이는 약 몇 cm인가요?,3 * 11,33
"지민이가 책상의 짧은 쪽의 길이를 뼘으로 재었더니 3뼘이었을 때, 한 뼘의 길이가 약 11 cm라면 책상의 짧은 쪽의 길이는 약 몇 cm인가요?",3 * 11,33
한 뼘의 길이가 약 11 cm이라고 합니다. 지민이가 책상의 짧은 쪽의 길이를 뼘으로 재었더니 3뼘이었습니다. 책상의 짧은 쪽의 길이는 약 몇 cm인가요?,3 * 11,33
한 뼘의 길이가 약 11 cm이고 지민이가 책상의 짧은 쪽의 길이를 뼘으로 재었더니 3뼘이었습니다. 책상의 짧은 쪽의 길이는 약 몇 cm인가요?,3 * 11,33
"한 뼘의 길이가 약 11 cm이라고 합니다. 지민이가 책상의 짧은 쪽의 길이를 뼘으로 재었더니 3뼘이었을 때, 책상의 짧은 쪽의 길이는 약 몇 cm인가요?",3 * 11,33
"호석이는 사탕을 3개 가지고 있고, 민영이는 호석이의 5배를 가지고 있습니다. 민영이가 가지고 있는 사탕은 모두 몇 개일까요?",3 * 5,15
호석이는 사탕을 3개 가지고 있습니다. 민영이는 호석이의 5배를 가지고 있습니다. 민영이가 가지고 있는 사탕은 모두 몇 개일까요?,3 * 5,15
"호석이는 사탕을 3개 가지고 있습니다. 민영이는 호석이의 5배를 가지고 있을 때, 민영이가 가지고 있는 사탕은 모두 몇 개일까요?",3 * 5,15
사탕을 민영이는 호석이의 5배를 가지고 있습니다. 호석이는 사탕을 3개 가지고 있습니다. 민영이가 가지고 있는 사탕은 모두 몇 개일까요?,5 * 3,15
"사탕을 민영이는 호석이의 5배를 가지고 있습니다. 호석이는 사탕을 3개 가지고 있을 때, 민영이가 가지고 있는 사탕은 모두 몇 개일까요?",5 * 3,15
남준이의 나이는 8살입니다. 이모의 나이는 남준이의 나이의 4배입니다. 이모의 나이는 몇 살일까요?,8 * 4,32
남준이의 나이는 8살이고 이모의 나이는 남준이의 나이의 4배입니다. 이모의 나이는 몇 살일까요?,8 * 4,32
"남준이의 나이는 8살입니다. 이모의 나이는 남준이의 나이의 4배라고 할 때, 이모의 나이는 몇 살일까요?",8 * 4,32
이모의 나이는 남준이의 나이의 4배입니다. 남준이의 나이는 8살입니다. 이모의 나이는 몇 살일까요?,4 * 8,32
"이모의 나이는 남준이의 나이의 4배입니다. 남준이의 나이는 8살일 때, 이모의 나이는 몇 살일까요?",4 * 8,32
"색종이를 정국이는 8장씩 6묶음 가지고 있고, 유나는 5장씩 9묶음 가지고 있습니다. 정국이와 유나 중 색종이를 더 많이 가지고 있는 사람은 누구일까요?",'정국' if 8 * 6 > 5 * 9 else '유나',정국
색종이를 정국이는 8장씩 6묶음 가지고 있습니다. 유나는 5장씩 9묶음 가지고 있습니다. 정국이와 유나 중 색종이를 더 많이 가지고 있는 사람은 누구일까요?,'정국' if 8 * 6 > 5 * 9 else '유나',정국
"색종이를 정국이는 8장씩 6묶음 가지고 있습니다. 유나는 5장씩 9묶음 가지고 있을 때, 정국이와 유나 중 색종이를 더 많이 가지고 있는 사람은 누구일까요?",'정국' if 8 * 6 > 5 * 9 else '유나',정국
"색종이를 정국이와 유나가 각각 8장씩 6묶음, 5장씩 9묶음 가지고 있을 때, 정국이와 유나 중 색종이를 더 많이 가지고 있는 사람은 누구일까요?",'정국' if 8 * 6 > 5 * 9 else '유나',정국
"색종이를 정국이와 유나가 각각 8장씩 6묶음, 5장씩 9묶음 가지고 있습니다. 정국이와 유나 중 색종이를 더 많이 가지고 있는 사람은 누구일까요?",'정국' if 8 * 6 > 5 * 9 else '유나',정국
"흰색 바둑돌은 7개씩 6묶음 있고, 검은색 바둑돌은 흰색 바둑돌보다 5개 더 많이 있습니다. 검은색 바둑돌은 모두 몇 개일까요?",7 * 6 + 5,47
흰색 바둑돌은 7개씩 6묶음 있습니다. 검은색 바둑돌은 흰색 바둑돌보다 5개 더 많이 있습니다. 검은색 바둑돌은 모두 몇 개일까요?,7 * 6 + 5,47
"흰색 바둑돌은 7개씩 6묶음 있습니다. 검은색 바둑돌은 흰색 바둑돌보다 5개 더 많이 있을 때, 검은색 바둑돌은 모두 몇 개일까요?",7 * 6 + 5,47
"흰색 바둑돌은 7개씩 6묶음 있고, 검은색 바둑돌은 흰색 바둑돌보다 5개 더 많이 있을 때, 검은색 바둑돌은 모두 몇 개일까요?",7 * 6 + 5,47
"검은색 바둑돌은 흰색 바둑돌보다 5개 더 많이 있습니다. 흰색 바둑돌은 7개씩 6묶음 있을 때, 검은색 바둑돌은 모두 몇 개일까요?",7 * 6 + 5,47
유정이네 학교 2학년 학생들을 8명씩 8줄로 세웠더니 6명이 남았습니다. 유정이네 학교 2학년 학생은 모두 몇 명일까요?,8 * 8 + 6,70
"유정이네 학교 2학년 학생들을 8명씩 8줄로 세웠더니 6명이 남았을 때, 유정이네 학교 2학년 학생은 모두 몇 명일까요?",8 * 8 + 6,70
유정이네 학교 2학년 학생들을 8명씩 8줄로 세웠더니 6명이 남았습니다.  2학년 학생은 모두 몇 명일까요?,8 * 8 + 6,70
"유정이네 학교 2학년 학생들을 8명씩 8줄로 세웠더니 6명이 남았을 때, 2학년 학생은 모두 몇 명일까요?",8 * 8 + 6,70
"유정이네 학교 2학년 학생들을 8줄로 세웠더니 6명이 남았습니다. 한 줄에 8명씩일 때, 2학년 학생은 모두 몇 명일까요?",8 * 8 + 6,70
태형이는 연필을 9자루씩 5묶음 가지고 있습니다. 그중에서 형에게 12자루를 주었다면 남은 연필은 몇 자루일까요?,9 * 5 - 12,33
태형이는 연필을 9자루씩 5묶음 가지고 있는데 그중에서 형에게 12자루를 주었다면 남은 연필은 몇 자루일까요?,9 * 5 - 12,33
태형이는 연필을 9자루씩 5묶음 가지고 있습니다. 그중에서 형에게 12자루를 주었습니다. 남은 연필은 몇 자루일까요?,9 * 5 - 12,33
태형이는 연필을 형에게 12자루를 주었습니다. 원래 9자루씩 5묶음 가지고 있습니다. 남은 연필은 몇 자루일까요?,9 * 5 - 12,33
"태형이는 연필을 형에게 12자루를 주었습니다. 원래 9자루씩 5묶음 가지고 있었다면, 남은 연필은 몇 자루일까요?",9 * 5 - 12,33
귤이 한 봉지에 4개씩 들어 있습니다. 9봉지에 들어 있는 귤은 모두 몇 개일까요?,4 * 9,36
"귤이 한 봉지에 4개씩 들어 있을 때, 9봉지에 들어 있는 귤은 모두 몇 개일까요?",4 * 9,36
"9봉지에 들어 있는 귤의 개수를 구하려고 합니다. 귤이 한 봉지에 4개씩 들어있다면, 구하고자 하는 귤의 개수는 모두 몇 개 입니까?",4 * 9,36
9봉지에 들어 있는 귤의 개수를 구하려고 합니다. 귤이 한 봉지에 4개씩 들어있습니다. 구하고자 하는 귤의 개수는 모두 몇 개 입니까?,4 * 9,36
"9봉지에 들어 있는 귤의 개수를 구하려고 하는데, 귤이 한 봉지에 4개씩 들어있다고 합니다. 구하고자 하는 귤의 개수는 모두 몇 개 입니까?",4 * 9,36
5명이 가위바위보를 하고 있습니다. 2명은 가위를 내고 3명은 보를 냈을 때 펼친 손가락은 모두 몇 개일까요?,2 * 2 + 3 * 5,19
"5명이 가위바위보를 하고 있는데, 2명은 가위를 내고 3명은 보를 냈을 때 펼친 손가락은 모두 몇 개일까요?",2 * 2 + 3 * 5,19
"5명이 가위바위보를 하고 있는데, 2명은 가위를 내고 3명은 보를 냈습니다. 이 때 펼친 손가락은 모두 몇 개일까요?",2 * 2 + 3 * 5,19
"가위바위보를 하는데 펼친 손가락의 개수를 구하려고 합니다. 5명이 가위바위보를 하고 있는데, 2명은 가위를 내고 3명은 보를 냈습니다. 구하려는 수는 무엇입니까?",2 * 2 + 3 * 5,19
"가위바위보를 하는데 펼친 손가락의 개수를 구하려고 합니다. 5명이 가위바위보를 하고 있는데, 2명은 가위를 내고 3명은 보를 냈을 때, 구하려는 수는 무엇입니까?",2 * 2 + 3 * 5,19
연필 5자루와 지우개 3자루가 있습니다. 연필과 지우개를 하나씩 고르는 방법은 모두 몇 가지일까요?,5 * 3,15
"연필 5자루와 지우개 3자루가 있을 때, 연필과 지우개를 하나씩 고르는 방법은 모두 몇 가지일까요?",5 * 3,15
"연필과 지우개를 하나씩 고르려고 합니다. 연필 5자루와 지우개 3자루가 있을 때, 방법은 모두 몇 가지일까요?",5 * 3,15
연필과 지우개를 하나씩 고르려고 합니다. 연필 5자루와 지우개 3자루가 있습니다. 방법은 모두 몇 가지일까요?,5 * 3,15
"연필과 지우개를 하나씩 고르려고 하는데, 연필 5자루와 지우개 3자루가 있다고 합니다. 방법은 모두 몇 가지일까요?",5 * 3,15
"호석이는 2,500원을 가지고 있습니다. 내일부터 일주일동안 하루에 100원씩 계속 저금한다면 호석이가 가진 돈은 얼마가 되는지 구하세요.",2500 + 7 * 100,3200
"호석이는 2,500원을 가지고 있는데, 내일부터 일주일동안 하루에 100원씩 계속 저금한다면 호석이가 가진 돈은 얼마가 되는지 구하세요.",2500 + 7 * 100,3200
"호석이는 2,500원을 가지고 있는데, 내일부터 일주일동안 하루에 100원씩 계속 저금한다고 합니다. 호석이가 가진 돈은 얼마가 되는지 구하세요.",2500 + 7 * 100,3200
"호석이가 내일부터 일주일동안 하루에 100원씩 계속 저금한다고 합니다. 호석이가 2,500원을 가지고 있을 때, 호석이가 가진 돈은 얼마가 되는지 구하세요.",2500 + 7 * 100,3200
"호석이가 내일부터 일주일동안 하루에 100원씩 계속 저금한고 합니다. 호석이가 2,500원을 가지고 있습니다. 호석이가 가진 돈은 얼마가 되는지 구하세요.",2500 + 7 * 100,3200
"민영이의 돼지 저금통에는 천 원짜리 지폐 5장, 백 원짜리 동전 6개, 십 원짜리 동전 15개가 들어 있습니다. 민영이의 돼지 저금통에 들어 있는 돈은 모두 얼마일까요?",1000 * 5 + 100 * 6 + 10 * 15,5750
"민영이의 돼지 저금통에는 천 원짜리 지폐 5장, 백 원짜리 동전 6개, 십 원짜리 동전 15개가 들어 있을 때, 민영이의 돼지 저금통에 들어 있는 돈은 모두 얼마일까요?",1000 * 5 + 100 * 6 + 10 * 15,5750
"민영이의 돼지 저금통에는 천 원짜리 지폐 5장이 들어있습니다. 백 원짜리 동전 6개, 십 원짜리 동전 15개도 들어 있습니다. 민영이의 돼지 저금통에 들어 있는 돈은 모두 얼마일까요?",1000 * 5 + 100 * 6 + 10 * 15,5750
"민영이의 돼지 저금통에는 천 원짜리 지폐 5장이 들어있습니다. 백 원짜리 동전 6개, 십 원짜리 동전 15개도 들어 있을 때, 민영이의 돼지 저금통에 들어 있는 돈은 모두 얼마일까요?",1000 * 5 + 100 * 6 + 10 * 15,5750
"민영이의 돼지 저금통에는 천 원짜리 지폐, 백 원짜리 동전, 십 원짜리 동전이 각각 5장, 6개, 15개가 들어있습니다. 민영이의 돼지 저금통에 들어 있는 돈은 모두 얼마일까요?",1000 * 5 + 100 * 6 + 10 * 15,5750
"학생들이 운동장에 한 줄로 서 있습니다. 정국이는 4번째, 민영이는 7번째에 서 있습니다. 정국이와 민영이 사이에는 몇 명이 서 있을까요?",( 7 - 4 - 1),2
"학생들이 운동장에 한 줄로 서 있는데, 정국이는 4번째, 민영이는 7번째에 서 있습니다. 정국이와 민영이 사이에는 몇 명이 서 있을까요?",( 7 - 4 - 1),2
"학생들이 운동장에 한 줄로 서 있는데, 정국이는 4번째에 서 있습니다. 민영이는 7번째에 서 있습니다. 정국이와 민영이 사이에는 몇 명이 서 있을까요?",( 7 - 4 - 1),2
"학생들이 운동장에 한 줄로 서 있는데, 정국이는 4번째에 서 있습니다. 민영이는 7번째에 서 있을 때, 정국이와 민영이 사이에는 몇 명이 서 있을까요?",( 7 - 4 - 1),2
"학생들이 운동장에 한 줄로 서 있습니다. 정국이는 4번째, 민영이는 7번째에 서 있을때, 정국이와 민영이 사이에는 몇 명이 서 있을까요?",( 7 - 4 - 1),2
상자 안에 40개의 공이 있습니다. 남준이가 55개의 공을 상자 안에 더 넣었습니다. 상자 안에 있는 공은 모두 몇 개입니까?,40 + 55,95
상자 안에 40개의 공이 있는데 남준이가 55개의 공을 상자 안에 더 넣었습니다. 상자 안에 있는 공은 모두 몇 개입니까?,40 + 55,95
남준이가 55개의 공을 상자 안에 더 넣었습니다. 원래 상자 안에 40개의 공이 있었습니다. 상자 안에 있는 공은 모두 몇 개입니까?,40 + 55,95
"남준이가 55개의 공을 상자 안에 더 넣었는데, 원래 상자 안에 40개의 공이 있었습니다. 상자 안에 있는 공은 모두 몇 개입니까?",40 + 55,95
"남준이가 55개의 공을 상자 안에 더 넣었습니다. 원래 상자 안에 40개의 공이 있었을 때, 상자 안에 있는 공은 모두 몇 개입니까?",40 + 55,95
상자 안에 75개의 공이 있습니다. 유정이가 65개의 공을 상자 안에서 뼀습니다. 상자 안에 있는 공은 모두 몇 개입니까?,75 - 65,10
"상자 안에 75개의 공이 있었는데, 유정이가 65개의 공을 상자 안에서 뼀습니다. 상자 안에 있는 공은 모두 몇 개입니까?",75 - 65,10
유정이가 65개의 공을 상자 안에서 뼀습니다. 원래 상자 안에 75개의 공이 있었습니다. 상자 안에 있는 공은 모두 몇 개입니까?,75 - 65,10
"유정이가 65개의 공을 상자 안에서 뼀습니다. 상자 안에 75개의 공이 있었을 때, 상자 안에 있는 공은 모두 몇 개입니까?",75 - 65,10
"유정이가 65개의 공을 상자 안에서 뼀는데, 원래 상자 안에 75개의 공이 있었습니다. 상자 안에 있는 공은 모두 몇 개입니까?",75 - 65,10
279부터 338까지의 홀수의 합을 구하시오,"sum( [ i for i in range ( 279 , 338 + 1 ) if i % 2 != 0 ] )",9240
279부터 338까지 숫자들이 있습니다. 이 숫자들 중 홀수들의 합을 구하시오,"sum( [ i for i in range ( 279 , 338 + 1 ) if i % 2 != 0 ] )",9240
"어떤 범위의 숫자에서 홀수의 합을 구하려고 합니다. 범위가 279부터 338일때, 구하려는 값은?","sum( [ i for i in range ( 279 , 338 + 1 ) if i % 2 != 0 ] )",9240
"어떤 범위의 숫자에서 홀수의 합을 구하려고 하는데, 범위가 279부터 338라고 합니다. 구하려는 값은?","sum( [ i for i in range ( 279 , 338 + 1 ) if i % 2 != 0 ] )",9240
어떤 범위의 숫자에서 홀수의 합을 구하려고 합니다. 범위가 279부터 338이라고 합니다. 구하려는 값은?,"sum( [ i for i in range ( 279 , 338 + 1 ) if i % 2 != 0 ] )",9240
182부터 223까지의 짝수의 합을 구하시오,"sum( [ i for i in range( 182 , 223 + 1 ) if i % 2 == 0])",4242
182부터 223까지 숫자들이 있습니다. 이 숫자들 중 짝수의 합을 구하시오,"sum( [ i for i in range( 182 , 223 + 1 ) if i % 2 == 0])",4242
"어떤 범위의 숫자에서 짝수의 합을 구하려고 합니다. 범위가 182부터 223일때, 구하려는 값은?","sum( [ i for i in range( 182 , 223 + 1 ) if i % 2 == 0])",4242
어떤 범위의 숫자에서 짝수의 합을 구하려고 합니다. 범위가 182부터 223이라고 합니다. 구하려는 값은?,"sum( [ i for i in range( 182 , 223 + 1 ) if i % 2 == 0])",4242
"어떤 범위의 숫자에서 짝수의 합을 구하려고 하는데, 범위가 182부터 223이라고 합니다. 구하려는 값은?","sum( [ i for i in range( 182 , 223 + 1 ) if i % 2 == 0])",4242
한 상자에는 감이 96개 들어있습니다. 90개의 상자 안에 있는 감은 모두 몇 개일까요?,96 * 90,8640
"한 상자에는 감이 96개 들어있을 때, 90개의 상자 안에 있는 감은 모두 몇 개일까요?",96 * 90,8640
90개의 상자가 있습니다. 한 상자에는 감이 96개 들어있습니다. 감은 모두 몇 개일까요?,96 * 90,8640
"90개의 상자가 있습니다. 한 상자에는 감이 96개 들어있다고 할 때, 감은 모두 몇 개일까요?",96 * 90,8640
90개의 상자가 있고 한 상자에는 감이 96개 들어있습니다. 감은 모두 몇 개일까요?,96 * 90,8640
한 바구니에는 바나나가 97개 들어있습니다. 66개의 바구니 안에 있는 바나나는 모두 몇 개일까요?,97 * 66,6402
"한 바구니에는 바나나가 97개 들어있을때, 66개의 바구니 안에 있는 바나나는 모두 몇 개일까요?",97 * 66,6402
66개의 바구니가 있습니다. 한 바구니에는 바나나가 97개 들어있습니다. 바나나는 모두 몇 개일까요?,97 * 66,6402
66개의 바구니가 있고 한 바구니에는 바나나가 97개 들어있습니다. 바나나는 모두 몇 개일까요?,97 * 66,6402
"66개의 바구니가 있습니다. 한 바구니에는 바나나가 97개 들어있다고 한다면, 바나나는 모두 몇 개일까요?",97 * 66,6402
하나의 마트에는 사과가 11개 있습니다. 88개의 마트에 있는 사과는 모두 몇 개일까요?,11 * 88,968
"하나의 마트에는 사과가 11개 있다고 할 때, 88개의 마트에 있는 사과는 모두 몇 개일까요?",11 * 88,968
88개의 마트가 있습니다. 하나의 마트에는 사과가 11개 있습니다. 사과는 모두 몇 개일까요?,11 * 88,968
88개의 마트가 있고 하나의 마트에는 사과가 11개 있습니다. 사과는 모두 몇 개일까요?,11 * 88,968
"88개의 마트가 있습니다. 하나의 마트에는 사과가 11개 있다고 할 때, 사과는 모두 몇 개일까요?",11 * 88,968
하나의 학교에 배 44를 보냈습니다. 83개의 학교에 보낸 배는 모두 몇 개일까요?,44 * 83,3652
"하나의 학교에 배 44를 보냈을 때, 83개의 학교에 보낸 배는 모두 몇 개일까요?",44 * 83,3652
83개의 학교가 있습니다. 하나의 학교에 배 44를 보냈습니다. 보낸 배는 모두 몇 개일까요?,44 * 83,3652
83개의 학교가 있고 하나의 학교에 배 44를 보냈습니다. 보낸 배는 모두 몇 개일까요?,44 * 83,3652
"83개의 학교가 있습니다. 하나의 학교에 배 44를 보냈다고 할 때, 보낸 배는 모두 몇 개일까요?",44 * 83,3652
한 봉지에는 귤이 43개 들어있습니다. 61개의 봉지 안에 있는 귤은 모두 몇 개일까요?,43 * 61,2623
"한 봉지에는 귤이 43개 들어있다고 할 때, 61개의 봉지 안에 있는 귤은 모두 몇 개일까요?",43 * 61,2623
61개의 봉지가 있습니다. 한 봉지에는 귤이 43개 들어있습니다. 귤은 모두 몇 개일까요?,43 * 61,2623
61개의 봉지가 있고 한 봉지에는 귤이 43개 들어있습니다. 귤은 모두 몇 개일까요?,43 * 61,2623
"61개의 봉지가 있습니다. 한 봉지에는 귤이 43개 들어있다고 할 때, 귤은 모두 몇 개일까요?",43 * 61,2623
상자 하나 당 파인애플이 27개 넣었습니다. 69개의 상자 속에 있는 파인애플은 모두 몇 개일까요?,27 * 69,1863
"상자 하나 당 파인애플이 27개 넣었다고 할 때, 69개의 상자 속에 있는 파인애플은 모두 몇 개일까요?",27 * 69,1863
69개의 상자가 있습니다. 상자 하나 당 파인애플이 27개 넣었습니다. 파인애플은 모두 몇 개일까요?,27 * 69,1863
"69개의 상자가 있습니다. 상자 하나 당 파인애플이 27개 넣었다고 할 때, 파인애플은 모두 몇 개일까요?",27 * 69,1863
69개의 상자가 있고 상자 하나 당 파인애플이 27개 넣었습니다. 파인애플은 모두 몇 개일까요?,27 * 69,1863
하나의 카트에는 토마토가 88개 들어있습니다. 47개의 카트 안에 있는 토마토는 모두 몇 개일까요?,88 * 47,4136
"하나의 카트에는 토마토가 88개 들어있을때, 47개의 카트 안에 있는 토마토는 모두 몇 개일까요?",88 * 47,4136
47개의 카트가 있습니다. 하나의 카트에는 토마토가 88개 들어있습니다. 토마토는 모두 몇 개일까요?,88 * 47,4136
47개의 카트가 있고 하나의 카트에는 토마토가 88개 들어있습니다. 토마토는 모두 몇 개일까요?,88 * 47,4136
"47개의 카트가 있습니다. 하나의 카트에는 토마토가 88개 들어있다고 할 때, 토마토는 모두 몇 개일까요?",88 * 47,4136
한 상자에는 오이가 71개 들어있습니다. 80개의 상자 안에 있는 오이는 모두 몇 개일까요?,71 * 80,5680
"한 상자에는 오이가 71개 들어있다고 할 때, 80개의 상자 안에 있는 오이는 모두 몇 개일까요?",71 * 80,5680
80개의 상자가 있습니다. 한 상자에는 오이가 71개 들어있습니다. 오이는 모두 몇 개일까요?,71 * 80,5680
80개의 상자가 있고 한 상자에는 오이가 71개 들어있습니다. 오이는 모두 몇 개일까요?,71 * 80,5680
"80개의 상자가 있습니다. 한 상자에는 오이가 71개 들어있다고 할 때, 오이는 모두 몇 개일까요?",71 * 80,5680
밭에는 무가 25개 심어져 있습니다. 11개의 밭에 있는 무는 모두 몇 개일까요?,25 * 11,275
"밭에는 무가 25개 심어져 있다고 할 때, 11개의 밭에 있는 무는 모두 몇 개일까요?",25 * 11,275
11개의 밭이 있습니다. 밭에는 무가 25개 심어져 있습니다. 무는 모두 몇 개일까요?,25 * 11,275
11개의 밭이 있고 밭에는 무가 25개 심어져 있습니다. 무는 모두 몇 개일까요?,25 * 11,275
"11개의 밭이 있습니다. 밭에는 무가 25개 심어져 있다고 할 때, 무는 모두 몇 개일까요?",25 * 11,275
한 상자에는 배추가 71개 들어있습니다. 9개의 상자 안에 있는 배추는 모두 몇 개일까요?,71 * 9,639
"한 상자에는 배추가 71개 들어있다고 할 때, 9개의 상자 안에 있는 배추는 모두 몇 개일까요?",71 * 9,639
9개의 상자가 있습니다. 한 상자에는 배추가 71개 들어있습니다. 배추는 모두 몇 개일까요?,71 * 9,639
9개의 상자가 있고 한 상자에는 배추가 71개 들어있습니다. 배추는 모두 몇 개일까요?,71 * 9,639
"9개의 상자가 있습니다. 한 상자에는 배추가 71개 들어있다고 할 때, 배추는 모두 몇 개일까요?",71 * 9,639
토끼 한 마리 당 당근이 6개 먹을 수 있습니다. 10마리의 토끼는 몇 개의 당근을 먹을 수 있을까요?,6 * 10,60
"토끼 한 마리 당 당근이 6개 먹을 수 있다고 할 때, 10마리의 토끼는 몇 개의 당근을 먹을 수 있을까요?",6 * 10,60
10마리의 토끼가 있습니다. 토끼 한 마리 당 당근이 6개 먹을 수 있습니다. 몇 개의 당근이 필요한가요?,6 * 10,60
10마리의 토끼가 있고 토끼 한 마리 당 당근이 6개 먹을 수 있습니다. 몇 개의 당근이 필요한가요?,6 * 10,60
"10마리의 토끼가 있습니다. 토끼 한 마리 당 당근이 6개 먹을 수 있다고 할 때, 몇 개의 당근이 필요한가요?",6 * 10,60
한 상자에는 블루베리가 18개 들어있습니다. 53개의 상자 안에 있는 블루베리는 모두 몇 개일까요?,18 * 53,954
"한 상자에는 블루베리가 18개 들어있다고 할 때, 53개의 상자 안에 있는 블루베리는 모두 몇 개일까요?",18 * 53,954
53개의 상자가 있습니다. 한 상자에는 블루베리가 18개 들어있습니다. 블루베리는 모두 몇 개일까요?,18 * 53,954
53개의 상자가 있고 한 상자에는 블루베리가 18개 들어있습니다. 블루베리는 모두 몇 개일까요?,18 * 53,954
"53개의 상자가 있습니다. 한 상자에는 블루베리가 18개 들어있다고 할 때, 블루베리는 모두 몇 개일까요?",18 * 53,954
한 상자에는 감이 70개 들어있습니다. 94개의 상자 안에 있는 감은 모두 몇 개일까요?,70 * 94,6580
"한 상자에는 감이 70개 들어있다고 할 때, 94개의 상자 안에 있는 감은 모두 몇 개일까요?",70 * 94,6580
94개의 상자가 있습니다. 한 상자에는 감이 70개 들어있습니다. 감은 모두 몇 개일까요?,70 * 94,6580
94개의 상자가 있고 한 상자에는 감이 70개 들어있습니다. 감은 모두 몇 개일까요?,70 * 94,6580
"94개의 상자가 있습니다. 한 상자에는 감이 70개 들어있다고 할 때, 감은 모두 몇 개일까요?",70 * 94,6580
김치 하나를 만들려면 배추 8개가 필요합니다. 10개의 김치를 만들려면 몇 개의 배추가 필요한가요?,8 * 10,80
10개의 김치를 만들려고 합니다. 김치 하나를 만들려면 배추 8개가 필요합니다. 몇 개의 배추가 필요한가요?,8 * 10,80
10개의 김치를 만들려고 하는데 김치 하나를 만들려면 배추 8개가 필요합니다. 몇 개의 배추가 필요한가요?,8 * 10,80
"10개의 김치를 만들려고 합니다. 김치 하나를 만들려면 배추 8개가 필요할 때, 몇 개의 배추가 필요한가요?",8 * 10,80
"김치 하나를 만들려면 배추 8개가 필요할 때, 10개의 김치를 만들려면 몇 개의 배추가 필요한가요?",8 * 10,80
원숭이 한 마리는 14개의 바나나를 먹습니다. 31 마리의 원숭이는 몇 개의 바나나를 먹습니까?,14 * 31,434
31 마리의 원숭이가 있습니다. 원숭이 한 마리는 14개의 바나나를 먹습니다. 몇 개의 바나나가 필요합니까?,14 * 31,434
"원숭이 한 마리는 14개의 바나나를 먹는다고 할 때, 31 마리의 원숭이는 몇 개의 바나나를 먹습니?",14 * 31,434
"31 마리의 원숭이가 있고, 원숭이 한 마리는 14개의 바나나를 먹습니다. 몇 개의 바나나가 필요합니까?",14 * 31,434
"31 마리의 원숭이가 있습니다. 원숭이 한 마리는 14개의 바나나를 먹는다고 할 때, 몇 개의 바나나가 필요합니까?",14 * 31,434
가방에는 김밥이 19개 들어있습니다. 64개의 가방 안에 있는 김밥은 모두 몇 개일까요?,19 * 64,1216
"가방에는 김밥이 19개 들어있을 때, 64개의 가방 안에 있는 김밥은 모두 몇 개일까요?",19 * 64,1216
64개의 가방이 있습니다. 가방에는 김밥이 19개 들어있습니다. 김밥은 모두 몇 개일까요?,19 * 64,1216
64개의 가방이 있고 가방에는 김밥이 19개 들어있습니다. 김밥은 모두 몇 개일까요?,19 * 64,1216
"64개의 가방이 있습니다. 가방에는 김밥이 19개 들어있다고 할 때, 김밥은 모두 몇 개일까요?",19 * 64,1216
한 학교에 빵 28개를 준다고 할 때. 90개 학교에 빵을 나눠주려면 몇 개의 빵이 필요한가?,28 * 90,2520
한 학교에 빵 28개를 준다고 합니다. 90개 학교에 빵을 나눠주려면 몇 개의 빵이 필요한가?,28 * 90,2520
한 학교에 빵 28개를 준다고 합니다. 90개 학교에 빵을 나눠주려고 합니다. 몇 개의 빵이 필요한가?,28 * 90,2520
90개 학교에 빵을 나눠주려고 합니다. 한 학교에 빵 28개를 준다고 합니다. 몇 개의 빵이 필요한가?,90 * 28,2520
"90개 학교에 빵을 나눠주려고 합니다. 한 학교에 빵 28개를 준다고 할 때, 몇 개의 빵이 필요한가?",90 * 28,2520
한 상자에는 라면이 87개 들어있습니다. 66개의 상자 안에 있는 라면은 모두 몇 개일까요?,87 * 66,5742
"한 상자에는 라면이 87개 들어있는데, 66개의 상자 안에 있는 라면은 모두 몇 개일까요?",87 * 66,5742
66개의 상자가 있습니다. 한 상자에는 라면이 87개 들어있습니다. 라면은 모두 몇 개일까요?,87 * 66,5742
"66개의 상자가 있습니다. 한 상자에는 라면이 87개 들어있을 때, 라면은 모두 몇 개일까요?",87 * 66,5742
66개의 상자가 있고 한 상자에는 라면이 87개 들어있습니다. 라면은 모두 몇 개일까요?,87 * 66,5742